category,series_id,seasonal_naive_sMAPE,seasonal_naive_MAPE,seasonal_naive_RMSE,seasonal_naive_MSE,seasonal_naive_MAE,seasonal_naive_MASE,auto_arima_sMAPE,auto_arima_MAPE,auto_arima_RMSE,auto_arima_MSE,auto_arima_MAE,auto_arima_MASE,ets_sMAPE,ets_MAPE,ets_RMSE,ets_MSE,ets_MAE,ets_MASE,prophet_sMAPE,prophet_MAPE,prophet_RMSE,prophet_MSE,prophet_MAE,prophet_MASE,dlinear_sMAPE,dlinear_MAPE,dlinear_RMSE,dlinear_MSE,dlinear_MAE,dlinear_MASE,patchtst_sMAPE,patchtst_MAPE,patchtst_RMSE,patchtst_MSE,patchtst_MAE,patchtst_MASE,nbeats_sMAPE,nbeats_MAPE,nbeats_RMSE,nbeats_MSE,nbeats_MAE,nbeats_MASE,timesnet_sMAPE,timesnet_MAPE,timesnet_RMSE,timesnet_MSE,timesnet_MAE,timesnet_MASE
daily,D362,1.3044747188030357,1.3133422758126032,108.91184085567293,11861.789078571428,94.4192857142857,0.825809028706415,1.0669402511686785,1.0718212768282203,85.5502578835946,7318.846623949538,77.02329351967371,0.6736603727518683,1.0350503226251764,1.0396687619820644,84.11214329945958,7074.852650428822,74.7117952800041,0.6534435695668243,0.7153338475773398,0.718204836162783,64.92824471234456,4215.6769614261,51.604305718042205,0.45134107147389285,1.3024351127504405,1.3101457607635716,105.85175432318424,11204.593893295754,94.1371107700893,0.8233410729828645,2.172876995746067,2.2002253487054526,168.89875452493237,28526.78928007336,158.0739829799107,1.3825451162954923,1.0684931236199362,1.0579898848271851,106.42962436288514,11327.264942024833,76.80921316964285,0.671787985298535,2.053366696034465,2.0800827528845374,167.076562131322,27914.577613621495,149.50778599330357,1.3076235284048146
daily,D375,1.4759574580071684,1.4822340166837529,135.6902863404115,18411.85380714286,113.61785714285718,0.7731023573591693,1.9774102594226743,2.001663108993354,168.8051475333492,28495.177833755795,152.56016285731363,1.0380817286123476,2.019524926147209,2.0448663443586375,172.54222957947772,29770.820988257194,155.8511873708392,1.060475205073837,4.59107501593146,4.709718040589806,376.29421275136275,141597.33455016787,359.58181146626487,2.446741675109355,0.56465895757943,0.561733763809833,62.38873270194789,3892.353968155102,43.37441545758929,0.29513725819679737,1.8906612097422428,1.8689197622673606,158.22629796045496,25035.56136627067,142.95738839285715,0.9727405246647562,1.464307811217521,1.4514766593486095,121.57676380413338,14780.909497086035,110.83849190848215,0.7541904198460745,2.7964172394212676,2.8407248171184163,245.81641170613037,60425.70826407779,216.87771065848216,1.475724622740548
daily,D397,1.3310060238689878,1.3460682144133298,139.22562874700907,19383.775699999995,102.89999999999996,0.6774505126625714,1.3812316976700605,1.3675702870769983,127.4541246655643,16244.553894265206,105.66300149854585,0.6956409575768315,1.2193487491097366,1.2079904364356522,116.31473088508955,13529.116620870804,93.39110255367743,0.6148479135384992,1.4938324725919894,1.5093331114637296,137.6293026878148,18941.82495833415,115.32518301621738,0.7592527148419957,0.8011762468753016,0.8012805439747231,78.01181217127325,6085.842838246018,61.67373186383929,0.4060340259375307,1.0419746721939813,1.0443721367925365,86.55440348847537,7491.664763245798,80.18020228794641,0.5278728779918173,3.345932536783002,3.424421112154947,307.19166182205953,94366.71709299859,262.360673828125,1.7272728181473374,1.1026214706459285,1.0929557987577272,108.2920807683313,11727.17475713479,84.53075334821428,0.5565150844655117
daily,D540,2.575481815393696,2.5295603383510867,174.5583304064455,30470.61071428579,145.1785714285715,0.6771351653806803,2.362254436772874,2.3264118014796944,156.87971891783212,24611.24620773801,133.41218955282855,0.6222549522819899,2.1879775950272884,2.1594669160287245,144.92777533282555,21004.060062921955,123.69783662386673,0.5769457175072475,9.963827195722082,10.53814483323432,619.0774523026987,383256.89194960025,593.7257613384817,2.7692281831861454,1.2989896038474014,1.3007846255013846,82.40069706232761,6789.874876357487,73.37255859375007,0.34222088775840404,1.767496900141342,1.7530589795934106,110.56223837743521,12224.008555028808,100.09803989955364,0.4668726392242687,1.923830126983811,1.910184205347861,117.82528294413156,13882.79730086466,108.87465122767864,0.5078081030786973,2.278833557804736,2.247271961894256,151.49004345622402,22949.233266368643,128.73695591517864,0.6004489441964167
daily,D771,1.814036956752979,1.8428009651957888,116.99198995779885,13687.125714285708,86.50000000000007,0.5219338662477779,2.0492622939523537,2.082980822332798,122.76863886594002,15072.1386889956,97.75252601515636,0.5898306802147631,2.0704836928788555,2.10448935676246,123.3432016614004,15213.545396084886,98.78199774498275,0.5960424277308448,21.979672745013584,19.783806061928424,947.1566207546774,897105.6642394199,941.6236202565034,5.6816792678694314,3.3582751558310773,3.429820020323154,179.6739720933117,32282.736247788154,161.72723911830357,0.9758488230126587,2.823127757091191,2.8747020765955424,152.3730655748103,23217.551112665446,135.47127511160716,0.8174225015551149,2.512096551264422,2.5552002410141017,139.1011568740401,19349.131843696316,120.26605747767859,0.7256754723433781,2.0195333273083604,2.0525968819633555,121.59667982381289,14785.752544174864,96.3116420200893,0.581136505019851
daily,D848,2.5215571617908505,2.5051405984436883,36.36668540220373,1322.535807142858,32.670714285714325,0.8885641620682817,1.6143382903349133,1.609446907636805,29.419594861047663,865.5125617881821,20.996893770072102,0.5710645673577722,1.633074159808862,1.6277339694955422,29.606703491020316,876.5568916051944,21.239552335573226,0.5776642915951293,17.93047179170887,19.729757786534165,257.37152362392635,66240.10117250126,255.6773723264264,6.953804196450976,1.9437597183323285,1.9267761964876822,33.33165732357357,1110.999379936136,25.24932547433038,0.6867203923575664,3.111793860769787,3.033613620406577,52.58483074798399,2765.1644247941226,40.0904684012277,1.0903634720174573,1.5958455242602747,1.6106891341953467,28.627269768735935,819.5205744119825,20.74416259765623,0.5641908926507446,2.650633542903751,2.594205240354905,46.46268600239598,2158.781190557243,34.24526227678574,0.9313880472177544
daily,D1565,1.3834974707969208,1.3829350051622804,21.227064597550196,450.58827142856893,18.972857142857087,0.7339620980330721,1.3025292459483164,1.298807445886887,19.797149640401713,391.9271338844577,17.868948460529623,0.6912575582572574,1.2966725077180248,1.2929044138628036,19.729477447259928,389.25228034193816,17.78894652648697,0.688162695585045,17.462714482325424,16.052176099133668,221.70197350697254,49151.76505688635,220.80255667286403,8.541713381724074,1.3922643686211027,1.3872056416126943,21.370805534511724,456.7113291939169,19.0957477678571,0.7387161032034301,1.3021647636412368,1.2979451157072188,19.77223512521744,390.9412818468823,17.86437220982139,0.6910805266933949,1.1931358317250966,1.1927591074970116,18.544333282094865,343.89229687741135,16.368322056361567,0.6332060536433797,1.1827188121568033,1.180712389208396,18.234714257996966,332.5048040707979,16.227601143973175,0.6277622865124709
daily,D1700,2.8106506696260984,2.8666352445555163,51.582804443784504,2660.785714285714,42.857142857142854,0.8314143618012969,3.536484977416838,3.623346763478451,62.870718510300286,3952.727246001415,54.16079723513331,1.0507015089176157,3.443452178835487,3.5264960586745007,61.4612867079531,3777.489763797212,52.70336870915774,1.0224278787357328,1.8196253660572785,1.8078613822395315,34.222227130932474,1171.1608298011308,27.616462541774222,0.5357502168521683,2.5864031815406663,2.6336654004775863,47.32010413544625,2239.1922553894774,39.36956787109375,0.763756563405226,1.6352773574129575,1.6272642529739316,31.414468683891236,986.8688426911831,24.8310546875,0.4817142280034214,1.7244950217112465,1.7344028702081675,31.148057466035407,970.2014839074442,26.112269810267858,0.5065693765880329,3.5018808303292883,3.5907521551487194,63.61961850579932,4047.455858823444,53.621468680245535,1.0402387137714735
daily,D1820,3.0568814592396967,3.134542268520959,274.75638560108376,75491.07142857143,206.07142857142858,0.8666013662849107,2.7452347326442017,2.7803631249066103,229.06864525046075,52472.44423688143,184.61965104827019,0.7763892498373106,2.8114269355398736,2.852314659380083,235.14978884797816,55295.42319524872,189.1230141447056,0.7953274434496058,4.6682694404967515,4.844895897175084,394.7457899369116,155824.2386729163,319.0731978348182,1.3418127447624564,2.8924519405966778,2.8501526513606072,225.86955609438684,51017.056370275364,194.835693359375,0.8193512280513802,4.082896540670818,4.13363798996798,319.6756936593889,102192.54911661148,275.68533761160717,1.1593518417140725,6.211192091960637,5.991236666652525,448.78970314180225,201412.197646107,409.93910435267856,1.7239351927067637,1.3894952071778186,1.3769165154636267,108.78832265895335,11834.899146948543,94.051025390625,0.39551697034876054
daily,D1844,0.7597186882123961,0.7550172078327997,30.324436162465222,919.5714285714286,22.714285714285715,0.5553092887366512,0.4989327299486966,0.4978532847242929,18.16715659678571,330.0455788121345,14.955169607558576,0.365617686691606,0.4581844859119695,0.45758279013403014,18.001753460793925,324.063127663206,13.733110791313752,0.33574130754504705,1.185708401896271,1.1979278584574646,47.2335569417046,2231.0089013652505,35.737861258696775,0.873704177457561,1.189057646134469,1.1831592771547585,41.03330369579068,1683.732012190989,35.489658900669646,0.867636230763903,1.7566066174684865,1.737714643321891,58.4939886932475,3421.5467132457666,52.235682896205354,1.2770359711343104,1.9585320985664678,1.931921928551191,68.99219683476728,4759.9232240872725,58.133457728794646,1.4212222858003394,0.926794360313696,0.9201882681689246,34.58222657597088,1195.9303949517864,27.6849365234375,0.6768296658292196
daily,D1875,1.9485283256475627,1.9351977954044919,70.82738070225989,5016.517857142857,57.67857142857143,0.8027518084521342,3.4518475055949356,3.38372245477088,109.81215589298765,12058.709581865822,101.46823925992582,1.4122023231319258,3.527116208921483,3.4563279039478263,111.9216944723658,12526.465693565597,103.63124427989825,1.4423063314051578,2.332419549788275,2.372296363678385,83.92487178007345,7043.384103301768,70.15492663163874,0.9763937079321945,2.2906490016714876,2.25925956835939,76.31617952313583,5824.159257007496,67.72061593191964,0.9425137544566843,5.816107852433728,5.612459331698667,188.13537584867558,35394.919645722424,168.29929896763392,2.342335520129936,4.662845257361993,4.544368747332851,144.95070934331451,21010.70813913005,136.02919224330358,1.8932105523942162,5.033815332012411,4.891617145656886,157.4405679729016,24787.532443629843,146.41212681361608,2.037716896724891
daily,D1900,6.078581756223751,5.876874391983283,820.4638496432542,673160.9285714285,730.9285714285714,3.2989610006816132,8.076555530388438,7.7240148996391715,1027.4582626841589,1055670.4815579501,962.6462336826554,4.344791688968011,8.119763320276096,7.763004480134583,1033.2125866178767,1067528.2491456035,967.5696222526284,4.367012830018495,8.971377580099075,8.550353779634788,1118.1351043325717,1250226.111540811,1063.7267304075183,4.801006741518376,4.354750815363561,4.261342524927601,562.3319774989101,316217.2529178347,528.5277622767857,2.385448515332839,4.305630267831604,4.212888339205722,547.988081672626,300290.93765524455,521.9713309151786,2.3558568257874244,6.3329333736941384,6.120277726670207,820.5320041085947,673272.7697664669,761.91748046875,3.438825833407213,7.67660668322621,7.359335821622999,975.5285265719226,951655.9061555862,916.8575613839286,4.138129848001446
daily,D2111,2.1404305371920334,2.167435526988127,159.71492460899557,25508.85714285714,148.14285714285714,1.1691796575517506,0.9726882518571089,0.9778362396741616,73.59772922987861,5416.625747794528,66.84496526471041,0.5275568130962097,0.8852675406166448,0.8893850702419189,67.21897358315263,4518.390409572572,60.844078015982305,0.4801963433861594,4.285083965618402,4.3828952097468274,305.81365938222035,93521.99426474469,299.8871964346141,2.366783092980749,2.2917156438957207,2.322588745099916,170.97811704724683,29233.516509022033,158.82526506696428,1.2534878333181438,2.8029740701373944,2.8489392499775925,208.7483507178918,43575.87392743996,194.67009626116072,1.5363840071121808,3.3326062783456805,3.406064216172648,265.4098215981075,70442.37340073926,232.521728515625,1.835118345645783,1.9486377268818942,1.9706797359764765,146.26133308009184,21392.37755436557,134.63975306919642,1.0626098579595635
daily,D2163,2.2640418976511127,2.294939901185535,27.599560037901238,761.7357142857151,25.31428571428572,1.014878376775906,1.1730827653522877,1.1827423316886405,15.35437484547031,235.75682689521142,13.020771543846893,0.5220174741621031,1.4813112262001664,1.4948529327523548,18.203910914732766,331.3823725915267,16.477879227494245,0.6606168355629878,2.9067761233114946,2.9600968898727387,36.29073866274971,1317.0177126879967,32.63914377620397,1.3085402301616538,1.3851526543570816,1.3977503286723745,17.720046827820877,314.0000595801647,15.431883021763399,0.6186816633299114,1.5591901775797434,1.5430577951984017,19.83829696947979,393.558026649271,17.103627232142863,0.6857037815821743,1.3953676858247677,1.3842713200890981,17.40731384673695,303.01457535879996,15.349912806919649,0.6153953846047862,1.7998694705808886,1.828822439786241,26.750856246712292,715.608309932266,20.116570172991064,0.8064960755318646
daily,D2216,2.412545617403766,2.373665488083612,56.93542708316903,3241.6428571428573,48.642857142857146,1.202787220400905,0.9012521004804807,0.9016065982383603,21.66912571670901,469.55100932653977,18.385535128373913,0.45461734757262956,0.9454268801128679,0.9449587084179315,22.24500184892375,494.840107258621,19.281948706492958,0.47678287935438596,1.1385964677513203,1.1508100805173893,32.404593693609364,1050.0576924479078,23.359077700515236,0.5775976533618806,1.53145146164913,1.528309243296541,35.51743063987289,1261.4878792581815,31.215183803013392,0.7718548285612592,2.616941487146204,2.578796200925759,56.19319774713144,3157.6754730482185,52.803824288504465,1.3056750522688885,4.979852276133589,4.8490604239318555,103.22832618323632,10656.087326592633,99.16151646205357,2.451957219656164,1.4836937704819984,1.469714478503612,34.263537419386076,1173.9899964896697,30.143964494977677,0.7453668924154019
daily,D2305,2.367129898801302,2.387622821446417,219.6067605646837,48227.12928571431,183.57857142857145,0.5505186477661357,1.736142436618979,1.737788289143969,164.72224498226586,27133.41799199761,133.7825611508235,0.40118949660798564,1.7232949471354735,1.725131310097324,164.52921760562614,27069.863445919484,132.79142991591274,0.3982172748341924,6.627450981253073,6.3947308748168865,523.7498281354292,274313.88247189164,498.73895022570207,1.4956271330032984,2.2277257059509057,2.2162965009172275,191.51503812903258,36678.0098295648,171.50078125000007,0.5142995582211595,2.090270914033958,2.1213161981176625,204.94212399209817,42001.27418639254,161.9068010602679,0.4855289617422481,2.3085998049072387,2.349075232037739,225.58394459798268,50888.11606038571,179.22394670758928,0.5374599225877623,2.085572786724583,2.0733087986040255,181.66765811634548,33003.13800547738,160.64391741071435,0.4817418040493433
daily,D2720,1.7487034862809299,1.7297989765534896,310.3807373901564,96336.20214285723,275.9500000000001,1.511558041604793,0.3546305095432813,0.3551782967198597,71.5383045134712,5117.729012662135,56.59313563172964,0.30999749687904204,0.41014242614503604,0.41108690542095966,80.32855532121566,6452.676799993604,65.47274260901888,0.3586368929030014,1.9609469334748502,1.9813169487934563,323.2460072203689,104487.98118391076,315.84227410941355,1.7300740326465998,0.7035694042256649,0.6998612339587862,137.43556666650306,18888.53498494281,111.93942522321426,0.6131652051776331,1.0229467136687391,1.0169380465251816,174.82331578267383,30563.191741248495,162.49222935267855,0.8900758687310438,0.3554696548974678,0.3548506105879379,72.15374970208738,5206.163596071476,56.714313616071195,0.3106612676951208,0.3452458279574719,0.34568203687722987,69.80526149159077,4872.774531909366,55.09366629464278,0.3017839258168444
daily,D2750,3.133775782999336,3.2117575751749743,372.4170454131842,138694.4557142857,300.1571428571428,1.5777598739599898,3.350648232192282,3.434369933561679,386.6643444107519,149509.31523859655,321.3792205311169,1.6893125835751484,3.3028069194178062,3.3842369058047703,381.1695780825896,145290.2472556594,316.67790643006475,1.6646003789182275,5.2873504384022505,5.1269948028391905,538.666935564696,290162.0674706603,492.4079350866801,2.588315820853275,3.2064534882996187,3.281424061907091,366.2164626709089,134114.49753119325,307.22653459821424,1.6149197513368718,3.253276930160813,3.3329621877093194,376.8083489337698,141984.53182619362,311.8146484374999,1.6390369249076195,3.1629325081575357,3.235967356222159,361.6042048312325,130757.60095162794,302.9510184151785,1.5924457305294746,2.9644450690870956,3.0297145141119914,341.0172463222068,116292.76228918068,283.52788783482134,1.4903490895344675
daily,D2933,2.4960906034420907,2.455352663778553,395.6089095125565,156506.40928571415,341.99285714285713,1.6603330090900563,2.261310960004037,2.227241997525483,362.11441412336154,131126.8489159054,310.3733489937641,1.5068242090825716,2.2914596392285373,2.2568407755651085,364.98816001757154,133216.3569530124,314.44443709684543,1.5265888381363186,16.27028597338202,15.039407903579496,2088.9233794828033,4363600.885349857,2080.7495035912348,10.10178140363079,2.1101403189733174,2.0784234919507054,349.62866951250305,122240.20654508307,289.92617187499997,1.4075556939544505,1.2024135090090857,1.1912502224987995,208.37301905040266,43419.315068179465,166.30398995535703,0.8073852956259834,1.9112052744799612,1.888010267994575,299.0978058980903,89459.49749305172,262.85976562499997,1.2761516403442186,1.888471269837753,1.8642155102297258,306.01055208096943,93642.45798489971,259.8516043526785,1.2615473895454503
daily,D3023,2.788668059568928,2.7335897163619474,90.33039268627776,8159.5798428571425,74.87428571428579,1.1185875035792767,0.7982073323159207,0.8030189012188169,26.819027129349358,719.2602161647768,21.886503475861282,0.3269743283904443,1.642201569847664,1.6582270335053142,49.08923278918119,2409.7527758304213,45.29208374690331,0.6766429677029391,36.30622323028782,30.727018305711653,841.2286655067096,707665.6676701995,841.0662062710602,12.56514354751481,1.763669289342395,1.742109933901675,56.65488644908533,3209.7761585587527,47.79857700892857,0.7140888279733919,2.626059526270954,2.6640441704951274,75.82546715508217,5749.501469286443,72.81266531808033,1.0877878399788856,9.754559383908683,10.36417938933214,312.6810607364688,97769.44574328329,283.6766266741071,4.23799875522067,1.3442711834861887,1.3553649219557489,40.7771356573393,1662.7747924170524,37.000666155133885,0.5527729899578148
daily,D3098,4.053734448464354,3.9578043651231276,77.35132628838,5983.227678571426,69.85499999999998,1.6784327243070734,3.347566373091874,3.275042673941938,66.90268380802176,4475.969100716137,58.00277071608946,1.393654691437472,3.3844549213474595,3.310767832854017,67.42695790317853,4546.39465207701,58.62748107668737,1.4086648455057733,8.222604240411627,7.884655699230072,141.96240853280085,20153.325436433846,138.65729926545905,3.3315718066163575,4.1793051699696715,4.0731381729260265,80.70891695070934,6513.929275356496,72.03352155412948,1.7307768924705442,2.6238926523236192,2.5795744867005093,52.435060916743225,2749.435613342573,45.67240269252233,1.0973882367312289,3.4108961386826673,3.341368967541256,65.4661912647045,4285.822198706873,59.06178083147323,1.419099931334864,2.6337226750751044,2.5861716941497797,54.307666949406745,2949.3226894876857,45.85314522879465,1.101731006576676
daily,D3206,4.459546938539679,4.581377467301874,385.28278575612484,148442.82499999998,297.5071428571428,0.91887276975591,3.1444620480456797,3.091483899620682,265.8211791380448,70660.8992783405,207.48428428857954,0.6408305264677863,3.906470297974713,3.8253082701359666,310.1118803449382,96169.37833107325,256.42210596074483,0.7919786008093691,39.9948082269462,50.113593749055,3297.5418937194977,10873782.540835172,3288.5326070515684,10.15687568390612,2.8759906908041812,2.8349005931058997,251.30473886827588,63154.07177765232,189.97571847098212,0.5867540286305744,2.8883786160066434,2.857240071654286,242.5307186337972,58821.14948102611,190.76927315848212,0.5892049808552947,6.732107019084765,7.041126092198738,525.0735953752333,275702.2805602742,458.3678571428572,1.4157029589779693,10.924365462125985,10.222860033227478,773.9509877638208,599000.1314605938,685.2923060825891,2.116575868851968
daily,D3250,4.429968106043356,4.316099048924229,304.84855540650864,92932.64173343517,278.74588598071443,1.2765951699051166,3.7080494915180497,3.6218252381228297,266.48541621333766,71014.4770543958,234.70204268229995,1.0748840041205787,3.221267122162276,3.156080004514389,232.7465350721392,54170.94958808653,204.5081816146941,0.9366027266621606,38.43373158992161,32.21999628101016,2073.9325258502286,4301196.121779509,2068.371344631403,9.472688211474757,3.896004439155545,3.802951426492939,276.60579134496277,76510.76380557306,246.2659346603573,1.1278440992715935,2.984735602569792,2.925935044734449,220.73126380260086,48722.29081989337,189.7833958717858,0.869166429652256,3.1149329768125336,3.053614564953655,226.94739892726244,51505.12187985,197.9039720111608,0.9063568916384468,3.6853864437106414,3.600173348942831,264.94307763672055,70194.83438761733,233.30083448785723,1.0684667771657717
daily,D3300,1.2793834430215756,1.274841782539973,7.333730308799889,53.78360024221011,6.211105763792854,0.19484962573487466,0.9341197825099704,0.9355462394079518,5.271002021848881,27.783462314334997,4.54198640157836,0.14248740628431994,1.1350448036278677,1.1328606211244765,5.952838720645034,35.43628883401081,5.517901547478829,0.1731030016644864,24.993088775178226,22.21284629883695,108.4027106984159,11751.147686764452,108.27775631724718,3.396799393888281,1.6854387552263272,1.7117678062020785,11.177744817322006,124.94197920116896,8.263591935373654,0.25923850874019433,1.0852742791006136,1.0922146899609981,6.711449172508666,45.04354999516726,5.2822597169834795,0.1657106428437502,1.023754546812746,1.0311762332259884,6.560119165307789,43.03516346303856,4.983244126860711,0.15633017533280327,1.1398806723678958,1.148659334996192,7.173726539655162,51.462352465752815,5.552235651693301,0.17418010252390675
daily,D3312,1.3957618302241368,1.3825115818995724,21.263509151327096,452.1368214285712,18.100714285714293,0.6080608831991989,1.4660214368887172,1.4517249972745818,22.084238441488782,487.7135875405309,19.008413864332834,0.6385534150817632,1.5160007383941536,1.500790318478393,22.785734866252763,519.1897133951668,19.64978371069323,0.6600990794726449,5.753762604157271,5.58988127055901,73.65596250038273,5425.200811857786,72.89730844267946,2.448853733329391,1.5756981621532762,1.5589087496450704,23.909876909987343,571.6822138507459,20.412737165178555,0.6857291261134213,2.31614825572417,2.2834814532020804,33.25115016428863,1105.638987248072,29.868948800223198,1.0033935181237326,1.4203600102090796,1.406844015575252,21.48261752516105,461.50285573235675,18.421970912388378,0.6188529207434417,1.4882840651403006,1.4736016696268772,22.37633135486603,500.7002049027605,19.294206891741055,0.6481541169057331
daily,D3477,4.423853165648547,4.31156359770351,631.4625608175718,398744.96571428556,580.3999999999999,1.923738493395821,2.016397551594133,1.9865830103778985,329.61338750429474,108644.98522205636,268.99216133074697,0.8915757670118831,2.070898397820672,2.0399738012345274,335.60133074252394,112628.25319615293,276.14130263894833,0.915271629054118,10.612635324398058,10.069305093303756,1365.4675640140326,1864501.6683744162,1351.9014411489381,4.480883600302374,3.31903857065962,3.250748886425984,495.82095631032416,245838.4207164844,438.92267020089275,1.4548112272390359,2.8294153890920186,2.774204835796848,446.8346462866644,199661.2011221285,375.2798130580356,1.2438666818989161,2.661013328826471,2.6129210352322105,417.3427432318419,174174.9653282791,353.36993582589275,1.1712462921383202,1.9672423404727586,1.9391714926125019,319.88734613277927,102327.91421587253,262.5236049107142,0.8701357067397953
daily,D3541,1.7853044372593767,1.8074274479222507,33.62093831018316,1130.367492857142,28.23499999999998,0.40910977851578173,2.9972829743885265,3.049656003197029,50.907288007793724,2591.551972308459,47.69307021297622,0.6910466226870317,3.4655758735945827,3.535614718224017,58.967415388619706,3477.156077614024,55.29613093327233,0.8012108333235602,16.989346131222916,15.655267103343116,246.58878806817756,60806.030400932585,246.0718044831868,3.5654464824188197,2.7701732539251034,2.8149262253283633,47.03106296367249,2211.9208834929264,44.0267302594866,0.6379233527619139,1.723639253715927,1.7456556683874718,32.79954105013594,1075.8098930995527,27.20715053013391,0.39421679927142284,2.9956031683133744,3.049999383512931,51.875592149558635,2691.0770608673497,47.66989257812499,0.6907107913762293,3.0605335640029865,3.115415213153019,52.12260497250427,2716.765949119727,48.71783133370535,0.7058948534337319
daily,D3609,4.58417441299735,4.4742143208219645,291.9959026131311,85261.60714285714,281.42857142857144,2.360542441983319,4.359163822180722,4.258840495326542,278.64924010954763,77645.39901362832,267.9435177136914,2.2474336646306314,4.259852286464002,4.1639640032149385,272.4923574176917,74252.08485105106,261.97472212765086,2.1973691127734747,2.9413269051008832,2.900342050622856,184.90813459911112,34191.018240923,182.09235487266187,1.5273386417579922,4.131055407893198,4.039176763530568,267.21384627112747,71403.23963900974,254.13762555803572,2.13163378611282,4.631245507557618,4.514249494776597,301.771399924669,91065.97781249454,284.00167410714283,2.382124892015015,4.85529251888424,4.721662971604832,322.0602296061154,103722.79149394376,297.144775390625,2.4923654700823326,3.775542371491515,3.693752200401141,254.20439417933477,64619.87402008261,232.38473074776786,1.94917672009787
daily,D3912,6.831189760543922,7.102283472625497,126.64214204938712,16038.232142857143,120.46428571428571,2.51818922220714,6.318592854718931,6.559276133291676,118.84452023534577,14124.01998996951,111.00587033062008,2.3204702091645846,4.752179598200081,4.898738907422485,92.0697283730441,8476.834882686122,82.74197064297503,1.7296407600133237,7.11618757161157,7.412493452407744,132.4280957670541,17537.200548488046,125.71009499258716,2.6278477845606654,8.255698101245837,8.66259536692365,156.0880230700997,24363.47094593197,146.97643171037947,3.072399957024357,13.218521030703803,14.247778309871459,252.55432469245315,63783.68692086105,242.05589948381697,5.059944145582708,11.178469978301926,11.909198546620157,211.09939779893534,44562.95575107315,202.15760149274553,4.225908867908621,8.47738911905031,8.902201989237778,159.28172675508742,25370.668478082334,150.86565290178572,3.1537003592880413
daily,D4107,4.382490110101165,4.508570973028802,362.52261013231004,131422.64285714287,321.2142857142857,2.4895737220889465,3.589468820115856,3.6745258222223227,295.7169557426635,87448.51791370842,261.1837773529858,2.024306818384463,3.650745467523902,3.7381553360580586,299.863852857479,89918.33025053183,265.74122850299415,2.059629377583642,2.9712039094520684,3.0384290558410596,265.2666963689857,70366.42020251566,215.46110310931277,1.6699328899411583,1.115448564930007,1.1129627169337453,103.13390086350428,10636.601507323128,80.26974051339286,0.6221312237613029,2.3030868389010917,2.262492807868175,207.86165391004528,43206.46716621944,164.02664620535714,1.2712897473011626,2.3310164126539124,2.341032015017144,187.25064805736477,35062.805197903086,167.553466796875,1.2986243966541338,2.389858664935526,2.4290819986556818,200.16077266291555,40064.334913015366,172.53138950892858,1.337205823837424
