category,series_id,seasonal_naive_sMAPE,seasonal_naive_MAPE,seasonal_naive_RMSE,seasonal_naive_MSE,seasonal_naive_MAE,seasonal_naive_MASE,auto_arima_sMAPE,auto_arima_MAPE,auto_arima_RMSE,auto_arima_MSE,auto_arima_MAE,auto_arima_MASE,ets_sMAPE,ets_MAPE,ets_RMSE,ets_MSE,ets_MAE,ets_MASE,prophet_sMAPE,prophet_MAPE,prophet_RMSE,prophet_MSE,prophet_MAE,prophet_MASE,dlinear_sMAPE,dlinear_MAPE,dlinear_RMSE,dlinear_MSE,dlinear_MAE,dlinear_MASE,autoformer_sMAPE,autoformer_MAPE,autoformer_RMSE,autoformer_MSE,autoformer_MAE,autoformer_MASE,fedformer_sMAPE,fedformer_MAPE,fedformer_RMSE,fedformer_MSE,fedformer_MAE,fedformer_MASE,patchtst_sMAPE,patchtst_MAPE,patchtst_RMSE,patchtst_MSE,patchtst_MAE,patchtst_MASE,nbeats_sMAPE,nbeats_MAPE,nbeats_RMSE,nbeats_MSE,nbeats_MAE,nbeats_MASE,timesnet_sMAPE,timesnet_MAPE,timesnet_RMSE,timesnet_MSE,timesnet_MAE,timesnet_MASE
quarterly,Q2061,14.023650106138124,13.064395549804376,475.6968572525995,226287.5,463.75,3.95639848812095,4.320408297734696,4.221318045536085,157.4125914919092,24778.72396019869,150.55566928663558,1.284438215296351,1.5455644342879251,1.545496220727914,65.53012047887192,4294.196689975469,54.9519145181863,0.4688122296907902,3.8675039123935093,3.7881223974023284,139.14969101751632,19362.636510270262,133.8693093191634,1.1420815805846551,33.90186445899683,27.09510590684975,1171.750302806734,1372998.772127673,973.9081420898438,8.308719570744886,11.909573518432659,11.206847607916174,405.7067873489484,164597.99730100483,395.6847839355469,3.3757125195365227,39.21260511630496,32.6877148692725,1168.3100215743568,1364948.3065110743,1157.6375732421875,9.876173681007863,6.042428696224025,5.843364387346358,216.46469168397388,46856.96274583787,205.24380493164062,1.751000063671664,4.9006595731846545,5.050118120744089,197.10224034958935,38849.29315082729,178.64129638671875,1.5240456171221146,4.361010582905369,4.493968699049253,189.98067085272618,36092.65529765189,161.8665771484375,1.3809351614175553
quarterly,Q2140,10.439973909343772,9.84266617634535,113.79202520387797,12948.625,104.375,0.8726605047173429,3.737411714559176,3.629118729452241,53.487531589828365,2860.9160355728873,39.31982952470386,0.32874598590110615,4.804861499131509,4.6259739920661636,64.72444686702403,4189.254022242216,50.094849196695705,0.41883397732912725,13.906847466466226,12.857721154546391,150.19769781125655,22559.348427801542,136.94703998361115,1.144989442219346,5.211800981287321,5.34866065478494,60.27852327361688,3633.5003680479713,55.346275329589844,0.46274020180450204,15.009012820347179,16.71203894370825,202.02797239440574,40815.30162979476,172.8636932373047,1.4452820865894156,10.798538517914794,11.723109477121957,154.39023594338354,23836.344954653643,125.10406494140625,1.0459724690199648,5.567775840316556,5.804990569525367,71.30823908100932,5084.864960834384,59.302490234375,0.495817399366946,6.855832906496655,7.187877656324063,84.82670555245281,7195.569974882528,73.54206848144531,0.6148719386728189,5.163608069941956,5.010037846400406,56.20389237558483,3158.8775181663223,52.00157928466797,0.4347758028709679
quarterly,Q2259,2.0300782176645016,2.0516953829292173,26.471682983898095,700.75,26.0,1.0588235294117647,3.908018812406987,3.9908310733036663,52.14406988697438,2719.0040243776684,50.5981477346846,2.060558052543717,3.811662875489255,3.890436985223182,50.86812999074406,2587.566648755235,49.337481957816124,2.0092187222640048,5.009094232252886,5.143014272186989,66.49990222721941,4422.236996229742,65.21360742788093,2.655757768556237,2.923963409096222,2.8690698051037886,42.12718839381606,1774.7000019680709,36.40357971191406,1.4824987212996676,2.5771790202497673,2.622162561236748,38.40409968992474,1474.8748729936779,33.23760986328125,1.3535678224865666,1.9181358724689697,1.891654904103819,29.209971525256595,853.2224365063012,24.04449462890625,0.9791875640731051,4.021510209442921,4.110719371471157,54.09088214485469,2925.82353120856,52.08287048339844,2.121021874889529,7.813311430802063,8.137836276957207,104.28232641539053,10874.803602606058,103.20205688476562,4.202798696664663,4.283639058697762,4.382511826152776,57.03338339443894,3252.8068214170635,55.5679931640625,2.2629499478577486
quarterly,Q3074,32.9477980808526,41.39507266370139,2069.0456737346326,4280950.0,1885.0,1.8275862068965518,25.65603888729435,30.03171119706092,1429.1704424426866,2042528.1535518249,1369.695426365314,1.3279769065647424,23.087832449619704,26.861902996609594,1320.6840830117812,1744206.4471206693,1217.8279545333137,1.1807350515003316,46.3044118384334,61.36797395258383,2877.136943166403,8277916.989732914,2829.32120748057,2.7431450470405236,37.79291590566656,48.00932501007248,2324.3148669699744,5402439.600817651,2208.8844604492188,2.14160571487805,20.921174171749424,19.68416578289277,1044.0405277564098,1090020.6235978827,936.8663635253906,0.908331057657472,20.438298781761606,23.014745546613344,1209.560755287528,1463037.2207317352,1065.047607421875,1.0326081257360171,35.27310632843898,45.69250296611495,2302.7403736700494,5302613.228530079,2047.8833618164062,1.9855084272618593,34.38569524744344,43.678885022985234,2178.7367159873047,4746893.677591145,1976.6319580078125,1.916427216215386,37.61411551513022,48.23437161762351,2343.0647357840944,5489952.356074989,2191.494873046875,2.1247457838010497
quarterly,Q4380,27.49884874158546,33.018524126573986,6506.89730209414,42339712.5,5906.25,3.4543017648265955,42.20103803075595,57.0302415581355,10995.884732273225,120909481.0454394,10147.71766566554,5.934946716016168,47.32430093966603,66.66791443853158,12939.865901563318,167440129.55044106,11902.004726912259,6.960950845823914,23.476565251921,19.91525474817701,5632.9192432868695,31729779.201391518,4356.559908794495,2.54795726247985,38.87303460856892,31.738657857881147,8076.372973035437,65227800.39957726,6549.4312744140625,3.830469758276232,58.86805818230311,44.860792944801254,9588.455895392002,91938486.45787764,9035.731689453125,5.284595796212067,83.42793523040771,56.865422575849735,11833.240339148108,140025576.92404202,11192.850036621094,6.546197948772853,61.87764399416689,42.790105736316285,10887.545691895126,118538651.19310412,8812.800354003906,5.154213217506902,112.37275670984448,67.42987550945627,14397.548689299178,207289408.26074046,13029.525939941406,7.620387631609482,50.51041072796089,72.20964058577204,14125.717083133432,199535883.11272764,13068.659423828125,7.643275058056671
quarterly,Q4832,91.08997356743251,55.70957774075875,3152.2396139491043,9936614.583749998,2710.0625,3.0488113931049674,37.641283891958075,31.50619898383713,1655.864068088958,2741885.811988113,1590.607609250416,1.7894283253770429,76.17636073093425,47.81898926466097,2921.9679051998487,8537896.439017992,2371.5362648396385,2.667970492711769,78.76686563110874,56.32148688673865,2882.3762265786245,8308092.711545629,2820.281116034103,3.1728069733903057,105.17040149886931,66.24598129229021,3615.5666252651463,13072322.0217312,3384.126409912109,3.807131073267664,110.02811166331851,70.34603131541799,3940.6434462661414,15528670.770600293,3435.7708953857423,3.8652309494524593,102.16071761006415,67.02846680004744,3510.524803522881,12323784.396149362,3290.0416931152345,3.701286076524096,132.09277167327113,79.7522938036147,4052.0534909219414,16419137.493292693,3883.9842666625977,4.3694695169729,131.20993189932156,78.4362705155563,3930.3569684958525,15447705.899803907,3868.655592346191,4.352224808816886,25.750231516925588,22.92663452809042,1259.625208146691,1586655.6649985947,1156.3678649902345,1.300910042260167
quarterly,Q8897,7.165855241379876,7.54894780180205,641.5826827073812,411628.3387500001,543.5875000000001,1.429634576251375,11.050444252965699,11.92360062822036,981.4271649088112,963199.2800209469,861.0817705168697,2.2646441872020024,11.986042161827614,12.992035395182594,1057.569398354061,1118453.0323349705,939.5084070741249,2.4709061621763206,20.473746220560145,23.138384478190442,1776.2530030806247,3155074.730952938,1687.1271759285864,4.4371427695464725,12.554640929649018,13.633325287130516,1136.2389408329418,1291038.9306651652,1005.6307983398438,2.6448079844549666,12.215007356374102,13.066973255488895,993.5424433413438,987126.5867206872,962.4161254882813,2.531153438480335,14.079293630643372,15.166660339448711,1126.4371939701934,1268860.751959443,1119.0594970703125,2.943125347610445,12.443593164785668,13.347252997632857,1010.6255661363733,1021364.034928465,976.566943359375,2.5683700751961376,14.634267776578112,15.824358841563635,1188.6418319276606,1412869.4046083451,1171.127490234375,3.0800641170695737,2.581384244239749,2.6769261424843873,310.1948224054665,96220.82784715889,188.888671875,0.49677701634916294
quarterly,Q9657,3.99521963160346,4.1173018074281,67.35636569768296,4536.880000000002,55.5,0.21012661046958342,9.278699622141243,9.810575120266254,143.53636239055632,20602.687328313114,133.25355114069396,0.504506613229357,15.015997220752686,16.39516861744571,236.82383620279282,56085.52939380724,223.6936543249564,0.8469187273307704,33.159757644833086,39.838785824949305,547.5726457611296,299835.80238584353,545.4661810034592,2.0651704457665794,4.612951485273261,4.660650075026758,70.44261701653049,4962.16229213759,63.9433654785156,0.24209374144177037,53.838684798658555,54.11538593136926,825.0457860237221,680700.5490355014,751.0406051635742,2.843488588973812,33.869284232586935,42.61932583706203,693.065511307338,480339.8029637019,586.2019012451173,2.219398532602918,27.791103386616374,35.544472895690994,638.9808022315074,408296.4656204207,489.74555664062507,1.8542085371069177,35.6496372260931,41.36765161407506,634.1585731595889,402157.09591180563,570.6487594604492,2.1605133260197626,36.6708447073565,50.702615948845754,898.6206526840455,807519.0774302998,696.9734832763672,2.6387869482530077
quarterly,Q10382,2.6188926471705667,2.5771933471168476,658.7104826856788,433899.5,594.25,0.8088518863002201,0.8134364629810484,0.8148944867494068,210.64095826550795,44369.613299011464,188.44809879359218,0.25650248242135004,0.910606076694046,0.9156797976765517,250.47971315296738,62740.08670119282,211.59866762484126,0.2880134311265733,4.080101667224086,3.9887175797973073,975.8340243742541,952252.0431264524,921.6043819841402,1.2544239676742455,6.605073713189574,6.375232412176585,1539.56913025958,2370273.10684824,1474.255615234375,2.006654497721524,34.059055487407825,29.070321903620144,6736.212484872441,45376558.64135134,6715.0079345703125,9.140003086913154,26.41912713470286,23.311493779031466,5410.313441248188,29271491.53255081,5387.09326171875,7.332537730612396,10.782672578316388,10.216345108292199,2393.921283364734,5730859.110946655,2361.4736328125,3.2142741310031537,17.532372714419882,16.001702235649827,3855.139368390534,14862099.549714565,3698.775146484375,5.034516204012217,1.5154059984885941,1.5330620683683283,438.80849029693286,192552.89115667343,354.219482421875,0.4821389928838389
quarterly,Q10522,30.78231233776686,38.68741987192447,608.7289010717333,370550.875,533.375,1.3240744024398894,27.693812285597392,33.57305552852401,510.4393629411613,260548.3432397786,464.8458524072697,1.1539545240268416,27.32950579340696,33.14167774428539,505.5726838271644,255603.73863220194,457.76814583355497,1.1363845027430615,15.131994411574276,14.073406913499664,316.4027787417972,100110.71839553065,239.3974959278544,0.5942912516827367,27.912844673301752,21.964885015193907,574.4462308125799,329988.47209477983,391.1914520263672,0.9711114845679021,23.81379088681755,19.840608941395395,463.9396528331502,215240.0014709439,338.8030242919922,0.8410600645591693,62.80521877516397,42.9679702936609,925.0194578415038,855660.9973853896,728.7668991088867,1.8091241555295436,49.86332693196779,35.06088760159078,819.405905405601,671426.0378135727,609.288215637207,1.5125248278106422,66.52908613742558,43.042429736298374,988.1616987492521,976463.5428750077,739.5187683105469,1.8358150855286999,25.246747534897978,29.170804426346,483.43164074694636,233706.1512752846,415.9427185058594,1.0325551562312985
quarterly,Q10642,7.197224816777847,6.905287819598035,190.51345096869144,36295.375,175.375,0.39296384315056865,5.972113426148732,6.019940836424056,187.0578125726163,34990.62524445206,150.38062960045477,0.33695880338244827,6.6163496793054275,6.485107161219897,178.59596067248276,31896.51716852701,162.06222122454108,0.36313381771582787,44.20430718718642,57.17254453249774,1447.536306137467,2095361.357586102,1438.0893131704179,3.2223355854438154,38.12549057445117,49.41721721894699,1370.0788941157045,1877116.176101312,1241.8163452148438,2.782545536723126,60.236593342107255,86.61366789083816,2225.3530957995995,4952196.400984861,2204.7120666503906,4.9401119130512905,48.19739771702027,66.3607212843534,1831.4582093807223,3354239.172708042,1651.0001525878906,3.6994062152707783,10.806947051402464,11.598920654599418,336.6286472100245,113318.84612245113,294.5694274902344,0.6600435312970792,40.58907360953301,51.966710418908576,1348.9025504797535,1819538.0906907842,1302.2447204589844,2.917947769488812,9.957668911913709,10.008922323399501,341.7343145040082,116782.3417095244,257.45208740234375,0.576874478647248
quarterly,Q10805,17.748980949459202,18.653025071670644,538.014120632535,289459.1939999999,496.2874999999999,2.3759899844927634,5.748566363353199,5.535293411096529,178.77677281863245,31961.134499444917,152.1157975104113,0.7282585424131508,5.0698964989747815,4.872441838827492,172.9217674030481,29901.937641793873,134.9868530141939,0.6462532519959129,23.9028108622026,27.221896002339207,727.5214524829872,529287.4638229554,723.2287436745255,3.462477397613192,9.12438135952394,9.794443704478683,330.10000674477595,108966.01445290114,256.7152355957031,1.2290312140484918,10.068038113795946,9.424550614148263,289.13398601215954,83598.46186727966,250.72890747070312,1.200371504366327,4.521720748493191,4.522120665172402,151.73839952636447,23024.541890822606,118.629033203125,0.5679397421065099,9.913495111863933,10.506706445908662,301.28025160457724,90769.79000691738,281.33072387695313,1.3468785376656471,13.144840298691868,14.368537517649816,443.03681765474914,196281.62179764744,388.59576904296875,1.860412876129979,13.843334082084416,15.247686245880319,476.8797203655285,227414.26769590468,412.8263024902344,1.9764172179472121
quarterly,Q12004,6.311670536378672,6.156488444376905,761.8062575183565,580348.7739941244,638.7383749999997,0.5717292170492814,15.918207477557539,14.581011725464437,1649.6169370513946,2721236.0390068246,1529.0300281674577,1.3686216063799543,30.05621122870195,25.2784697968906,2985.828953467797,8915174.5393666,2661.0965055093748,2.3819245580594,6.28237191502744,6.540636175456446,729.7279488444291,532502.8793246977,660.896839872122,0.5915630680721709,6.3823956507843285,6.106186343862106,810.2761680063896,656547.4684391189,646.6010917968749,0.5787670671207723,32.129476596788976,27.424987000233692,2950.4013024003584,8704867.845205732,2851.7148881835938,2.552545430308592,26.51274733855254,23.10421797492258,2512.924191219732,6314787.990817346,2389.9817338867188,2.139252061498792,7.901984003353822,7.541500075911936,872.2203922834179,760768.4127150394,789.3354843749996,0.7065273923316946,11.1474168702341,10.635148664465612,1201.8629557376476,1444474.5643744348,1105.4767167968746,0.9895026860731323,10.33345366628136,9.758973366604698,1071.4401403402524,1147983.9743323396,1006.9180742187498,0.9012836941351087
quarterly,Q12311,7.831596188499583,8.245134017814134,135.24669802302466,18291.66932613122,108.97541725000005,1.3556821071130087,6.801213985057347,7.20055608401482,126.29580675760302,15950.630804553803,94.49845278382426,1.1755849605512199,6.7593543358426285,7.148599777079233,125.65110934970842,15788.201280812384,93.83860344845607,1.167376265783877,8.40159539917563,9.051222663594153,153.35324901557246,23517.218983632174,118.44724787788175,1.4735141065479471,6.8487740214765775,6.906050523491477,115.51682230918487,13344.136236411792,94.66841979687499,1.1776993937344735,10.387637540150937,9.91407953333204,178.73878868403733,31947.554580236956,140.83855529492186,1.75206770685681,11.019027127775509,11.302526119239747,176.09833941239077,31010.625143801582,153.88323302929686,1.9143468395622887,9.82502081949975,10.40637445028112,165.91204499604476,27526.806674769578,138.53785032324217,1.7234463476313917,10.218729151803029,10.613066387811406,161.16417530025325,25973.891400210756,143.64377683691404,1.78696538146027,5.399011535233158,5.395394010255912,89.53820363388655,8017.089909983335,74.40019593652343,0.9255574967467881
quarterly,Q12626,25.032858256260553,25.615146765369662,1798.2921685657757,3233854.723525,1631.7175000000002,2.553009552772386,21.87945614761639,27.29895408295629,1969.7915241216085,3880078.6485013296,1503.8823736573886,2.3529968062445388,35.502325105118814,53.61966835133126,3829.843420863878,14667700.628334329,2890.410510628403,4.5223794223375196,30.23590291589397,25.864428491898046,2318.221099454786,5374149.065957357,1920.2149913436442,3.004397033357225,81.38804889420605,56.937414642805365,4322.66734483292,18685452.974084888,4025.0070947265626,6.297586170898787,75.24121043384835,53.11446125051083,4118.172316076545,16959343.224899255,3786.911528930664,5.925058295240363,81.96941558292737,55.536115900648475,4490.922494132089,20168384.848301586,4036.6845849609376,6.315856946398078,45.78765149592581,33.94466289424373,3338.9094483531712,11148316.304302078,2631.288916015625,4.116953908193046,68.61988052847707,49.274942446522005,4063.7956965318785,16514435.463151015,3613.686083984375,5.65402717880561,25.285219163510476,30.826468129502004,2162.7060878693756,4677297.622507259,1764.2574755859373,2.7603835766430107
quarterly,Q13090,3.1106987178286003,3.0500276444023213,272.14426321346554,74062.5,228.75,1.685326986754967,4.186270626977151,4.088435932192541,328.3114132065842,107788.38404170444,306.40931939983545,2.2574858796842183,4.1103475013402235,4.016059734411985,322.35837903872437,103914.9245364739,300.9790574416144,2.2174781549920266,2.5366894103469413,2.500201927893679,203.8557441364014,41557.164417405955,187.44691002549143,1.3810244198897963,3.9188156496970583,3.827898047001186,316.49218452614446,100167.30286613107,286.89288330078125,2.1136975673650276,4.084631783208223,3.9905060510439774,321.7013526081914,103491.7602699399,298.96044921875,2.2026059586480757,2.5437276267350417,2.5064568775823832,208.96499091361667,43666.367427527905,187.8134765625,1.3837251170581542,1.57175630730003,1.5555754455983073,136.3549663496088,18592.676848202944,116.70953369140625,0.8598632863025792,1.3817543901629383,1.3711844206644432,118.31568007583387,13998.60015180707,102.61810302734375,0.7560439709796022,2.158672496581323,2.1300352818412973,178.44070942041768,31841.086778461933,159.65380859375,1.1762573646393835
quarterly,Q15451,6.391423801750425,6.185794163192491,834.5220937758329,696427.125,680.375,1.0789305966778742,6.465365399007064,6.190876718457716,810.0082181103005,656113.3134062241,686.4252069386832,1.088524943005088,5.7412830081937525,5.5037202901903965,755.190838754511,570313.2029387418,612.1234233705795,0.9706980568329558,8.826818359330868,8.383779657868264,1019.4024709469929,1039181.3977728349,924.1383740341685,1.465487660936404,3.6339341192265757,3.575540675252441,462.97679863640155,214347.5160756111,394.167724609375,0.625066497599049,12.609030147417755,11.633493308516115,1487.8700574233783,2213757.307777047,1283.4769287109375,2.0353224743948224,12.182746296885421,11.194215325949472,1494.9769119150412,2234955.967159033,1236.66748046875,1.961092607156747,10.643265717570998,10.029141147677551,1189.1351291477113,1414042.3553731441,1101.470947265625,1.7466995500373237,23.878673118936756,21.10273326163347,2389.249501300471,5708513.179464549,2287.3074340820312,3.6271849709937363,10.111294134460216,9.577878505804224,1111.4923059716941,1235415.146234274,1050.91015625,1.6665208479700908
quarterly,Q15693,3.6088714583770076,3.530820175057415,420.1007963126234,176484.6790625003,378.69875000000025,0.7760557519405229,1.726359547362775,1.7433799535087329,197.7383095974235,39100.43908244651,186.2316600084173,0.3816388381080318,1.0012338623886692,1.0085186589667567,129.04960624533635,16653.800872076357,107.56669410317022,0.22043313234065842,3.5561991205859145,3.622610831010446,393.3282280850059,154707.09500849043,387.5938897142739,0.7942842893718629,2.331849476872496,2.28978606282108,351.0336510119836,123224.62414280306,246.38854492187488,0.5049165002495435,3.8334362051506274,3.7588085766615693,410.4516638679425,168470.56837196244,402.97482910156236,0.8258039774663014,0.921622199190009,0.9206337288232718,126.43869052052668,15986.742460545523,98.68911621093753,0.20224058381345258,1.9115033090805218,1.8845816800088324,250.44882378769202,62724.6133366384,203.32990722656245,0.41667775255320116,1.7975579095964624,1.7757215050250261,223.58264848783728,49989.20070483581,190.79208984374986,0.39098438732104346,0.7996575415778324,0.8041038523813717,102.08353489435565,10421.048096527129,85.69555664062523,0.17561328007209434
quarterly,Q16722,4.0250495481392425,3.9455071375374047,119.56326777066609,14295.375,106.625,0.6290560471976401,4.016364926464703,3.944809921385607,126.69014034147547,16050.39165974275,107.44259604822906,0.6338796227034164,3.9399375480659997,3.986649184394754,137.99817743830775,19043.49697629467,106.64581362208145,0.6291788414282091,7.498513428461854,7.912035336430794,257.7468213316622,66433.42390657579,211.02105998250715,1.2449620057965023,33.92658521471289,28.6041277648781,811.6781635446428,658821.4411752038,776.0650634765625,4.57855494676438,43.52333549527113,35.61414846589167,978.2378132115787,956949.2191969715,966.4304504394531,5.701654574864031,47.71691042289693,38.0474096078422,1062.2777057566918,1128433.924147701,1032.2123260498047,6.089748236282033,9.14931540761974,8.410009163799485,317.26570129741174,100657.52521973848,230.01068115234375,1.356995169040376,9.146834145017571,8.903330391789405,256.6544266125869,65871.49469983578,241.6739501953125,1.4258050159015487,8.967678698701029,8.495844332408414,258.83245100331976,66994.23769238591,231.72540283203125,1.3671115211329277
quarterly,Q17209,8.795127425468348,8.353145700396198,1008.7120500916008,1017500.0,900.0,1.222222222222222,13.816675504880923,12.713164888013479,1593.5051777466226,2539258.7515052953,1408.6319129427281,1.9129569188111122,4.893054258776885,4.742120479490188,634.9619382319113,403176.66300322546,523.2406771722312,0.7105737591227832,6.360674911410847,6.252486812712841,807.88285104277,652674.7010089944,675.5379648246694,0.9173972361816498,18.21402106292804,16.45484391261518,1924.6660031037234,3704339.223503262,1779.5006713867188,2.4166058500313463,13.447566256315982,12.492615619455613,1464.9528893727584,2146086.9680815935,1366.3612060546875,1.8555522551359953,17.501978527239164,15.802084585351967,1940.9786129317167,3767397.9758583307,1739.5863037109375,2.362401153187693,13.208455632181643,12.250066049781719,1480.3690743842722,2191492.596393347,1349.57763671875,1.8327597535686728,13.688290655796948,12.55326458646778,1569.5373138475793,2463447.3795598745,1367.9647216796875,1.8577298689477237,16.03560219601184,14.751821773989708,1682.9381551182753,2832280.8339529037,1604.887451171875,2.1794767855420525
quarterly,Q17646,55.23305108644239,39.819967236172054,5667.340646193768,32118750.0,4462.5,11.5048828125,47.63079127230351,38.38219619909825,4753.102333776646,22591981.795353007,4060.4289114930207,10.468293287442943,48.869164818522094,37.639320132075646,4938.687365054882,24390632.88975274,4149.434441314815,10.697760669014757,58.36185515399427,43.352264774475955,5496.473239321709,30211218.070579678,4718.106194094883,12.16386753165087,80.49346087686658,54.6785102698262,6825.193371559007,46583264.559173,5856.843505859375,15.099674663543702,73.70389632463761,51.86555771772158,6286.423531647396,39519120.81925012,5464.8837890625,14.089153518676758,93.7062013069194,61.22596601644378,7324.261806531794,53644811.01062037,6444.14338684082,16.61380716919899,60.05591691525878,43.62563446948349,5615.891482664414,31538237.145062715,4750.202453613281,12.24661570072174,54.23378914431678,40.463160674492,5282.455302198103,27904334.019720852,4377.9334716796875,11.286859731674195,55.97285785223083,41.34919030717354,5398.461465173295,29143386.190961003,4502.3531494140625,11.60762921333313
quarterly,Q18256,30.956704528868684,24.90723763299349,1951.396935531057,3807950.0,1405.0,0.681961846709561,35.10936309725221,28.046499035322004,1982.3095630927473,3929551.2039289586,1550.09101351058,0.752386427147025,25.317342015355887,21.335820993336448,1562.5918057184338,2441693.1512983954,1189.4301379388703,0.5773280949471884,25.30084134588847,21.260702493280395,1606.0077590136004,2579260.922011887,1199.287419645141,0.5821126430154765,24.985847458384686,26.47806863155121,1634.7973127784453,2672562.253867626,1202.9986572265625,0.5839140112963336,34.65241703353551,32.91147960799624,2136.7068064048144,4565515.976536661,1712.5147705078125,0.8312240109700411,43.810558959732134,42.80334067010843,2446.6253322544917,5985975.516429402,2153.8912658691406,1.0454602599884077,27.542520808442568,24.082732936841573,1553.0793725727722,2412055.537511036,1258.2281494140625,0.6107214180472366,30.199551716994094,30.01632714394042,1626.357131903047,2645037.5204919055,1424.7738342285156,0.6915597118391035,28.2115259921164,22.669857011424888,1862.2924971351874,3468133.3448860124,1301.9179382324219,0.6319276593745812
quarterly,Q18554,5.420168558077075,5.26081700306603,114.78342105896657,13175.23375000001,108.13750000000005,1.2546015971681181,0.6495251978253183,0.6481833351395185,15.84228343484649,250.97794443001146,13.326274611586456,0.1546102454005068,0.44803277350665305,0.44978938867158486,12.002140889808103,144.05138593880366,9.083064561648968,0.1053809021498178,10.273807908292307,10.838919502412004,221.9375357556388,49256.26977728546,220.74857604974352,2.5611052232999274,7.714574442070673,7.334677270447769,175.41703082117843,30771.134702118266,151.21082458496096,1.7543344541292343,10.935182942616796,10.336678869796653,218.79870174662886,47872.87188601025,212.0745330810547,2.4604697530659947,6.078595762081596,5.893165625103543,122.25168636194037,14945.474818338236,120.26703796386721,1.3953274110844658,0.6915840084502057,0.6911576170813202,18.694423419279595,349.4814669793094,14.144058227539062,0.16409809772474268,5.828101455753304,5.646122183046894,122.67879038556386,15050.085610465114,116.13128051757815,1.3473447233247693,0.9396810782651356,0.9328386085204649,25.150416923138003,632.5434714076665,19.348251342773438,0.22447668049523736
quarterly,Q18754,3.12661257309306,3.0698356356859158,88.07721975365558,7757.596639533738,80.88631249999997,0.6808521551928307,3.2753928706770776,3.354288054292551,105.69627503801445,11171.702556911596,87.8998415721739,0.739887809516882,2.050020981444047,2.0739688293876726,61.956785451017794,3838.64326342345,54.34149861431632,0.45741393450178,1.5716650201294682,1.5860673626940645,48.07631293628419,2311.3318655475264,41.516026750252195,0.3494568538768834,9.639715332268793,9.262197941807049,294.86843897003905,86947.39630062765,243.54616445312507,2.0500246065347314,4.460949728845149,4.435462784805385,120.30067834299885,14472.253209785671,116.80121831054686,0.9831621538673082,6.542389180971522,6.309869040719411,176.69734779692527,31221.952718467568,166.29236015625003,1.399748712793469,2.71664543682449,2.670458385476703,82.50392805658879,6806.898144766779,70.41643735351562,0.5927230658851221,2.5621665664941253,2.522881890451356,73.64847370104457,5424.097678493453,66.62161430664065,0.5607805360530167,1.225097097824692,1.2167892874411521,37.06562704324113,1373.860708108648,32.14511601562498,0.2705781836471017
quarterly,Q18855,42.75060013690587,55.961826572004526,1497.7767690814276,2243335.25,1439.5,2.0867430274817265,56.16654180184659,81.01804478460284,2136.007285491496,4562527.123672749,2075.089155305985,3.0081124183658976,52.11610335998381,72.57379850168135,1917.3069530075838,3676065.952051225,1869.6126091686147,2.710247361079906,68.23941092471107,107.1135532255028,2813.07159187422,7913371.781009757,2764.9045174409566,4.008089769657967,43.60782184181583,59.15590878295539,1617.119121048406,2615074.2516603693,1486.4385070800781,2.154786516449948,41.467117233533976,55.1496474024149,1539.4551221629906,2369922.0731538683,1404.108642578125,2.0354386382262826,38.883604207951336,49.33710660815384,1325.8176128731927,1757792.3426047713,1288.6798706054688,1.8681095759930637,51.07933734837364,70.58928518034597,1855.5609629856615,3443106.4873562753,1815.2986450195312,2.6315121849889076,50.04662155208772,69.57063243375943,1856.9814106665203,3448379.95956102,1778.6771850585938,2.57842460164074,46.18593293838712,62.2813829129003,1649.9475590535596,2722326.9476267993,1587.9338989257812,2.301917326630946
quarterly,Q19745,8.563285633579799,8.157279071801318,635.7839621905775,404221.24657874973,584.9094999999999,1.0570455786296231,5.723419710268968,5.528085456941742,450.4574349478341,202911.90069978216,398.2885042431591,0.7197850307256717,5.591937044028204,5.396136509542428,447.6501159294884,200390.6262916844,389.3253498788598,0.7035868621348771,10.769778735996361,10.129491881055788,794.591042348889,631374.924581094,727.4903947550155,1.3147170720791992,13.273830223394045,12.296828321045817,969.6893855577454,940297.5044633577,882.4718378906249,1.5947987757207613,6.591495063133783,6.293811739025662,578.794720277812,335003.32822147064,454.88436523437497,0.8220647930299282,9.498736186069365,8.856690250397719,799.772879440791,639636.6586890141,642.1226557617186,1.1604409130144686,9.208742362382612,8.468130475844147,858.9219666219415,737746.9447457035,618.4418085937499,1.1176450021990258,7.284915477687026,6.853085456858215,661.9212944799583,438139.80008602364,499.7937373046874,0.9032247898943259,9.736767899697133,9.03682569335198,844.1011676489436,712506.7812263101,656.1816064453125,1.185848179711735
quarterly,Q20145,31.5018765849225,27.06449465074171,3473.7656653119243,12067047.897499997,3367.7,3.2315300112500833,21.218901145627637,19.011487499082193,2545.809653666837,6481146.792703262,2395.7093301897025,2.298840929637396,20.82012026322361,18.656458950812283,2526.2764946916086,6382072.927631322,2355.7244407965836,2.2604727940937375,35.46832903860616,29.95266427260308,3860.182309519835,14901007.46272989,3739.05456183177,3.587869177854588,48.32689841709745,38.663360423857156,4950.344698929469,24505912.638219096,4810.933630371093,4.616407758611665,46.386597502966275,37.64605567209569,4657.2254748311425,21689749.123416163,4633.045568847656,4.4457124444637035,54.80042456051881,42.806575680657545,5371.348347820485,28851383.07363386,5287.248266601562,5.073463031283348,52.67852698375699,40.97778882702272,5374.9291797517535,28889863.68734686,5129.94638671875,4.922521514619938,51.083593994196086,40.513253654995026,5094.093513418109,25949788.72344846,5012.137731933593,4.80947634921826,27.52688593407877,23.869229425284225,3175.855838725618,10086060.308367599,2993.165747070312,2.8721397215617452
quarterly,Q20586,22.95478937010692,23.300730339481273,596.7837757513184,356150.875,505.375,0.6817998839486472,22.39818041256062,24.442580641573382,544.7334694580031,296734.5527477532,503.8922316051923,0.6797994855919762,21.553489097091344,22.988863185700456,528.0525855117564,278839.53306565084,483.1454665373535,0.6518100875893795,25.68906447365865,29.440141081561215,623.9082499336685,389261.5043352929,587.6840002371086,0.7928427072176848,40.94842842749642,33.04836280784566,906.1220055068904,821057.0888638292,752.9048004150391,1.0157415890128183,163.82250187682556,126.58438459699512,2645.9616223208277,7001112.906794667,2558.879463195801,3.4521765442403636,182.85144374592747,112.65564697012924,2371.730211446319,5625104.195887202,2359.416000366211,3.183080989831836,62.280569179982045,42.4323690065072,990.0058136253705,980111.5110120317,855.3168792724609,1.1539054148449825,31.68294040888317,28.14446531019472,867.7460201911299,752983.1555575449,674.0656585693359,0.9093799412047326,65.7476762337476,118.95825203457862,2655.750659617814,7053011.566060454,2240.5731811523438,3.022750501881018
quarterly,Q22237,5.6598800575349415,5.451896852661324,303.10889132455355,91875.0,260.0,0.5097609309777796,4.532800697463521,4.430754806583457,248.1367891063986,61571.866108033326,209.90829422925424,0.4115501826394705,3.325736684186226,3.3884997893488165,176.83098156352847,31269.196040720944,157.80669751328514,0.30939880399577346,35.56116995473455,43.442549319442264,2046.7559824912105,4189210.0518635605,2030.2949134851233,3.9806347125293344,11.943733067413175,13.061298518993858,743.9568585076856,553471.8073206246,614.8131713867188,1.205414363936519,23.493913665960843,24.58094766479985,1289.7528965336553,1663462.5341169536,1142.3499145507812,2.239712907476128,18.17541219148187,16.701873834441937,945.1670667519518,893340.7840724885,769.6906127929688,1.509070012854621,15.05715300013602,16.629903232209777,880.22239482159,774791.4643454552,783.300537109375,1.5357538885856532,4.121201990387916,3.9938009314768625,232.44572288884157,54031.01408931613,186.65533447265625,0.3659599887413465,9.131281985573224,9.996054192925643,648.2883548536645,420277.7910388708,458.191650390625,0.8983392394975782
quarterly,Q23398,2.9562517218491426,2.899941721306674,35.69306655360391,1273.994999999998,30.974999999999966,0.3500252452394687,12.046762020767382,11.202872553432469,133.62305824861718,17855.121695713344,119.47066336424223,1.3500483694266647,5.7613228539963295,5.579290831117924,63.41982906160136,4022.0747182027367,59.41288980091386,0.6713805108297151,3.643738781742132,3.5647448078859445,42.12529913322139,1774.5408270633825,38.026227512375016,0.4297058792752514,10.649066870063958,11.758353474500941,169.0160531781952,28566.426231934507,124.6080291748047,1.4081018876745095,10.90441866085842,10.060340966733774,134.4899667039555,18087.55114403106,106.10520935058594,1.1990153970661517,7.296963708947965,6.944713742784462,87.3155812963874,7624.010737126039,74.06849212646483,0.8369924817137543,2.329308979113429,2.287822313637977,30.643438427417447,939.0203186549243,24.39863281250001,0.27571065161269004,2.243378325062019,2.2064117820751785,29.03673602555864,843.1320390179749,23.614044189453125,0.2668446039873766,3.752004264562711,3.6707336168661397,42.70396909517966,1823.6289764820594,39.132850646972656,0.44221099740520164
monthly,M3663,2.478194473937724,2.5068935396694587,148.42456639931223,22029.851910823847,118.05196999999993,0.7482980409498577,4.155001463192084,4.058081530532289,278.27928163424923,77439.35858687382,197.84735606652714,1.2540984191258417,2.611212918967235,2.666576785326534,163.18739921123316,26630.127261326383,125.41541304859554,0.7949728233182498,5.340199053486754,5.46456894903937,297.5437141008036,88532.26180090076,255.05291770203095,1.6167082908906574,2.838351355954806,2.8536137210177146,169.77962028482025,28825.119464057752,135.06712026041663,0.8561522648678261,3.451942669451382,3.536810531580961,196.7223061057213,38699.66571955311,164.13715893229164,1.040419016100361,2.271529585060232,2.3000475367282287,136.98193704041182,18764.05107534335,106.65189286458342,0.676036177068133,2.473353793168435,2.4700219442098117,148.52839709449205,22060.68474345911,118.03770714409721,0.7482076327412497,2.08264598228688,2.1005037838579774,116.55580240355351,13585.255073936212,98.97982549479164,0.627405112437441,2.37162787390746,2.36932432871317,135.26405387873118,18296.364271708288,113.04615262152775,0.7165675807325188
monthly,M4667,7.21504542061055,6.870398587081514,281.6716688707696,79338.92904444448,229.38222222222228,0.5474543682548221,9.860037205902646,10.615930559034009,411.3724032472843,169227.25415344627,313.4855765353581,0.748179377619339,6.687545519725502,7.00147774568563,260.3439250094164,67778.95928930862,215.47124816020016,0.5142537852141904,19.79971689993349,18.037117599979926,660.6816500919605,436500.2427682357,599.5035805884393,1.4308033586822237,11.789458174337861,11.189088786400522,414.5034347056295,171813.09738276407,365.72430664062506,0.8728547805828145,16.62600210542989,14.837870639793666,637.2698064914653,406112.80626566964,482.4776212565105,1.1515037163001347,12.763167001321673,12.200965149151664,551.7756520048281,304456.37014535314,389.9794167751736,0.9307431638542798,11.466116127866927,10.614505978834947,418.8818702169826,175462.02119647703,345.2037765842014,0.8238795212560037,7.793284170361031,7.652441052781903,282.65616501645957,79894.50762181202,244.05748372395834,0.5824790355397348,8.27412341614487,8.697970062320865,329.73374864680574,108724.34499667487,267.56341145833335,0.6385793849626252
monthly,M6235,11.025180674398483,10.384045616241606,150.14403487040926,22543.231207166667,140.83827777777776,2.352646085742686,4.66506213681916,4.5293475983809826,70.86227291867003,5021.4617232000755,61.96828175392646,1.0351549153321047,1.2208754543757687,1.2116159061409013,18.686071063079343,349.16925177445114,16.508862141665052,0.27577382023186175,5.208529849664568,5.067153185812456,71.64181108705093,5132.549095832694,68.67745675945612,1.1472289520526286,12.820746909979109,11.916405768072062,177.86343432994266,31635.40127164183,162.37108110894098,2.7123427979679007,17.07239106582087,15.55226940728395,227.7468893700252,51868.6456177225,211.56986583116318,3.534188464688318,16.336185095587062,14.996823865216042,214.04057601955012,45813.36818278082,203.47010047743055,3.398885182401945,20.10642725829056,17.899263235246966,271.6154841685127,73774.97124009558,244.27266870117188,4.080475471167748,21.250787402698407,18.90661338395951,279.2905015025422,78003.18422954153,257.40884830729163,4.299910002884429,20.596003432208438,18.36451595810692,272.86373444863983,74454.61757725783,250.12775428602424,4.1782822918718905
monthly,M7713,70.51479058283073,142.43446729071582,1572.6707644428739,2473293.3333333335,1453.7777777777778,4.73459434158928,23.519013164414027,29.88264724013707,338.75930466632434,114757.86649801157,281.53762502200505,0.9168983504557494,25.408180108514237,33.11505247456911,374.2100869137751,140033.1891480151,309.74733975898994,1.0087704080791204,79.98301338845448,176.52098891264333,1954.792122412136,3821212.2418445433,1821.2015472645062,5.931202603573032,57.22445334393229,96.81042760430016,1131.1639676841817,1279531.9217870203,1019.3772922092014,3.319859495318296,62.29805189824833,129.95297924040608,1466.9257438857098,2151871.138074643,1218.2218424479167,3.9674469717585876,55.32013441152549,100.3129765192964,1126.831628308511,1269749.5185564102,951.4312405056423,3.0985760248688132,63.20671974423555,103.85128950502147,1253.0101432941294,1570034.419197975,1198.4598117404514,3.9030869298071273,46.34367836535103,64.31031838277009,772.5563046277937,596843.2438201524,759.3451877170139,2.472999301566968,53.105808717110314,88.19242074229776,990.1619757073535,980420.7381366896,897.5217624240452,2.923006199972111
monthly,M9092,43.428930630474866,58.863415451650745,1323.9251405490334,1752777.7777777778,1194.4444444444443,1.209295441089402,64.57425337296864,99.1299631743575,1994.7665582172754,3979093.621781995,1959.842888779405,1.9842103847322574,55.64212093801648,81.44974306145252,1733.5200856645822,3005091.88740254,1636.174649063239,1.6565178507389808,44.37032196037792,59.500183600168064,1215.6615350745749,1477832.967859872,1159.999502382542,1.1744222315418276,86.70307542705683,162.0333471700145,3365.5747439526144,11327093.357131707,3259.5221082899307,3.300049026154992,79.43711069718577,139.43173129055782,2961.695544532466,8771640.49850346,2830.9213053385415,2.8661192611775643,81.49829646057253,142.75073813840163,2993.239784842676,8959484.409565028,2911.4841986762153,2.9476838245922607,54.80981133564416,83.6796937037577,2041.7449046955999,4168722.255850444,1762.1499430338542,1.7840594449898701,70.24570376535085,116.41172917483607,2600.2350022767337,6761222.067065086,2413.7144639756943,2.4437251233856943,50.85205798033881,70.75110618642879,1717.4978218515166,2949798.7680647043,1488.183376736111,1.5066865448305211
monthly,M10890,4.458148113923053,4.3458546591973475,129.52906151816964,16777.777777777777,120.0,1.5339130434782609,2.417387847584617,2.3799806280503604,75.70891080218736,5731.839174853561,65.97867156062989,0.8433795408184864,2.834542762791227,2.7891695897165145,82.76827207969983,6850.586863059218,77.00730339397043,0.9843542259924916,1.7466066261143591,1.7240243453120492,59.01356974906716,3482.6014145280146,47.88504854077241,0.6120958378690038,4.246717534592827,4.143170639324634,124.68444506460948,15546.210841069618,114.5343017578125,1.464047161599864,2.6617618832824803,2.6175295008159445,85.2784664901081,7272.41684690449,72.421142578125,0.9257311268682065,5.358179965634248,5.193615412673191,156.4192496120077,24466.981649183566,143.47196451822916,1.833945981233016,10.916943726177527,10.27684584663505,303.70791667922276,92238.49865363372,283.81085883246527,3.627843152032382,9.886036759269972,9.324095219842404,285.1699209291224,81321.8838027219,257.88835991753473,3.296485991989357,8.160900310959299,7.7999096682033615,230.27225029332047,53025.30925514963,215.52731662326389,2.755001351619112
monthly,M14994,1.9251467773093736,1.9140334056690904,28.2721719285158,799.3157055555569,23.04055555555557,0.4935162646922837,5.34386135210881,5.54323804129848,74.58714547689166,5563.2422703910015,64.94479698142446,1.3910824997335207,1.239200476785528,1.2446642957714247,19.257352422104884,370.84562230914884,14.879280917148296,0.31870616669082924,4.145073333975278,4.0391498646658945,56.75023703187904,3220.5894031744547,48.93053022686279,1.0480655489729112,1.341584633865849,1.3377109593350174,19.51983582413197,381.02399060106586,15.989016927083336,0.3424761130837062,3.0910300772800063,3.153942351629998,42.619808297935805,1816.4480593527978,37.46054578993054,0.8023846728436663,1.6612568072211245,1.6693779243904459,23.429035485886313,548.9197037989202,19.743645833333353,0.4228982378302335,1.2359823742050815,1.2296834452690344,19.410433811144458,376.76494073682,14.810873752170133,0.3172409221372936,2.085306057983562,2.104889768048494,29.841477903907567,890.5138034894036,25.091814507378484,0.5374531243473956,2.4418923608478185,2.409029465940922,35.718653582175016,1275.8222137234243,29.027965494791665,0.6217633541024505
monthly,M15633,3.6984002788619565,3.6129418865685734,530.6521668873334,281591.72222222225,464.05555555555554,1.023428467725517,7.633624877712259,7.638675630511433,1201.7291714405865,1444153.0014912786,992.2261833131688,2.1882563634210483,1.3000698830660042,1.2952987144606598,204.11160817408805,41661.54859141245,164.49305972877644,0.36277311639586557,5.108358004635357,4.766789680478159,1234.263816088273,1523407.1677047862,672.9431918383005,1.4841094163066,4.553864838063544,4.432368405476374,789.6917661378118,623613.0855058564,587.2162000868055,1.2950470448715334,6.558775307588849,6.305528344053251,954.6492473839638,911355.1855307685,821.3659939236111,1.8114411745307764,3.4293767964325004,3.3454461690894934,580.6542659170148,337159.3765276273,439.00385199652777,0.9681794220446915,6.043208363140465,5.834489675187964,830.0496914779836,688982.4903226958,750.3147243923611,1.6547446518067541,6.610656968323865,6.381017574621202,851.3244986629284,724753.4020236863,810.3230794270834,1.787087122678353,6.738000950851236,6.684047267770521,1155.5662608356238,1335333.383181625,877.4027235243055,1.9350246197131757
monthly,M15846,10.932669719369754,10.547410260380936,407.2378502382443,165842.66666666666,367.55555555555554,0.9085522453110874,2.773465566810731,2.78929429025745,119.35201533227803,14244.903563876329,96.22856062703474,0.23786519751714588,4.021230818418958,3.9406188144994103,165.29656255175794,27322.95359142723,138.85351291087957,0.34322885076197257,3.8400401455789517,3.7628040468377586,160.5661859920305,25781.500084027335,132.78590653618815,0.3282304721167163,18.941754304470557,17.106203368391228,642.1234966605696,412322.58496359654,602.1183403862847,1.4883626756071646,44.81739292920471,35.72580607891589,1334.1055954992812,1779837.739942492,1256.2674085828994,3.105338927754598,31.93751840667775,27.09525703543467,1006.7239504783947,1013493.1124668254,952.6041937934028,2.354720711146853,37.056959232536116,30.41506291706888,1157.3495138728647,1339457.8972617562,1071.0416191948784,2.6474834980260473,20.42767628038494,17.98733016472675,730.9731702199266,534321.7755813698,635.6666802300347,1.5712900563276866,12.564990234065531,11.597178155728338,475.7866640361929,226372.9496746891,410.5605875651042,1.0148554090134922
monthly,M17590,34.911936766376144,43.66169315361176,843.1620379394593,710922.2222222222,754.4444444444445,1.2196067309510306,29.22729322391588,24.63958960463456,525.0149957846629,275640.7457987696,460.391103038332,0.7442510741118811,19.774053550924002,17.99633465050664,374.5564503144142,140292.5344721342,331.58790443763905,0.5360326305429787,18.42878499831679,18.469355670968678,354.4189018814269,125612.75801083652,325.12860412707363,0.525590766739739,57.74866273308243,86.34936905557444,1622.5047441382235,2632521.644751042,1512.0123833550347,2.4442627864786437,66.12703927465003,100.77823476059069,1814.619953499986,3292845.575640291,1786.0459933810764,2.8872552927601065,67.39655029836189,105.44298505799394,1945.0956205547031,3783396.973101086,1872.5316297743057,3.0270647446720202,42.74321480423911,60.88758514888936,1286.3750854488524,1654760.8604635422,1044.1000094943577,1.6878531066698352,41.07831911869797,60.55008008733787,1303.7593320551916,1699788.3959209993,1042.3757934570312,1.6850658033763695,84.77125343540473,53.44974565212868,1194.8183181084103,1427590.8132874104,977.9173583984375,1.5808647030264023
monthly,M17775,45.57133191199628,65.20164907268557,2419.94031147694,5856111.111111111,2083.3333333333335,0.8789785344189489,70.95970936868112,129.4729528054277,4242.574953756972,17999442.238245968,3901.098258148041,1.645911182194214,47.050784772003354,65.85758439493043,2503.417604837033,6267099.704207988,2196.381820795717,0.926674787456372,16.146696171812213,14.646082492336848,1213.8982765146923,1473549.0257253402,756.4513300434315,0.3191541510916032,96.63957819222134,229.70622356881915,7605.24189485021,57839704.27918482,7122.338595920139,3.004983715525151,77.09304087455725,150.54535788000933,5146.110268313338,26482450.893639974,4643.594482421875,1.9591775388456465,54.89163748437602,63.57566491101802,2627.0336343037457,6901305.715763145,2262.2762586805557,0.9544762897467924,96.46094431834639,242.39433584344647,8071.469292420109,65148616.53848077,7352.419840494792,3.102057223598839,54.182456236927365,86.77113676951636,2911.0899037185545,8474444.427532103,2599.806396484375,1.0968835277543254,59.44811164491792,96.24246621752654,3244.959409142479,10529761.566982308,2944.8978135850693,1.242480942815314
monthly,M19711,25.27036900173163,31.739819274455773,1666.1665916441582,2776111.111111111,1338.888888888889,0.5884091493189412,9.595073449631565,9.783661385737357,464.28736242828984,215562.75491061815,442.6721878860851,0.19454367547807905,29.644642898114576,39.567444448581476,2051.5694939021937,4208937.388310103,1610.5609430683703,0.7078024190817047,10.700650335325115,10.011851887580155,583.2508112225638,340181.5087917788,497.610328585086,0.2186876540427903,69.42662159671653,109.6802172681475,5102.1266337452735,26031696.186772875,4998.378580729167,2.196665991530937,38.861345385707686,52.19150232199144,2752.0928578247185,7574015.098089827,2356.478569878472,1.0356151001007934,33.54873403063115,43.42989673361479,2238.7738093581656,5012108.169468071,1936.5250922309028,0.851055746007413,54.118843938115155,78.58809499407356,3926.062876571089,15413969.710789654,3614.8522677951387,1.5886397784450494,25.961119797617677,30.953831725671904,1489.7644125916306,2219398.005024486,1364.933322482639,0.5998550453470348,21.79668751537752,22.90303802290741,1274.6083697740396,1624626.496298035,1050.6135796440972,0.4617191521951699
monthly,M20981,21.23750910195922,26.789497882824044,288.00077160390464,82944.44444444444,231.11111111111111,0.34395126196692777,35.52040003245989,52.39578714928087,532.0614492770982,283089.3858068461,435.28810837217776,0.6478178114155126,26.81794133138691,35.03906418278518,353.1913025830336,124744.09622029997,298.89253495017874,0.44482701023916943,47.913089747647106,36.803230588484695,589.9241258170841,348010.47422105086,488.58616697901886,0.7271386819269994,51.88988535904115,84.11986962835313,858.900177975735,737709.5157267493,764.7800496419271,1.1381844080832857,42.09994838780972,63.73072694505926,757.3887094472675,573637.6571981973,624.0870768229166,0.9287979994492493,33.75937408949405,47.989100226749706,592.9893980678997,351636.42622093007,440.6489562988281,0.655796096841598,48.95593294376985,76.83586486648764,804.8193647761206,647734.2099186381,676.4560546875,1.0067361649396214,45.16218819405451,65.90167860764693,672.7826110332916,452636.4417087734,583.55615234375,0.8684778246369126,54.14392160483656,92.76905506785549,922.3812900863057,850787.2443012777,811.33740234375,1.2074734186316907
monthly,M22214,2.317168081807493,2.287525632613898,140.19668723301243,19655.11111111111,132.44444444444446,1.2983883516727799,1.1679585378381354,1.169208056202986,75.96329408050559,5770.422047561376,67.42092902300323,0.6609454195652867,0.8211427161553332,0.8251797097286194,57.750981965148064,3335.175917938857,47.52854241210793,0.4659350273144292,1.3259426670011383,1.3370578078773674,93.60603773201437,8762.090299887297,76.73977671595897,0.7523005786759566,1.1576577435538877,1.167766733485356,82.24449815573539,6764.157476888762,67.25387912326389,0.6593077846695427,1.0711451368556688,1.0641054567247894,73.77608956702235,5442.9113918013045,61.788601345486114,0.6057302032535151,0.9254267490984844,0.9254704252657573,63.439640638985686,4024.588004403644,53.471842447916664,0.5241987889192231,0.9148902880128719,0.9130966667329056,61.22635441273213,3748.666474673483,52.918972439236114,0.5187788561899106,0.7119431839729548,0.7138328304971895,51.05802855426356,2606.9222798479927,41.27959526909722,0.4046749252789124,0.9337179030366856,0.9378703790879267,65.48688790927122,4288.532488041454,54.128662109375,0.530637767927851
monthly,M22530,0.7718983797503107,0.7678469049094159,26.7730274716925,716.7950000000013,22.75000000000005,0.3691001098167338,1.9241436234887925,1.9455877573798055,61.48855729029345,3780.8426776416995,57.506071802069606,0.9329888974625418,0.4609573428459684,0.460611016106126,15.885155383983623,252.33816157330386,13.63694555145998,0.22124826815862364,2.30307799282124,2.2736654404194216,71.76365584172744,5150.022299769901,67.57653594457179,1.0963739269527848,0.5506463040421277,0.548477230338392,20.799547092824664,432.6211592666309,16.307958984375016,0.264583272616246,3.154798545120787,3.2153185398175967,104.09181456321593,10835.105859062933,95.24477539062498,1.5452684420285605,1.3368305925024895,1.3431403388785705,52.29469378670498,2734.734998245241,39.876736111111136,0.6469673704502859,0.8775712829644754,0.8828325589302622,30.663201508761237,940.2319267668975,26.167629665798586,0.4245483509138399,0.9895336073597047,0.9959596401556319,34.65978328684973,1201.300577491388,29.454427083333307,0.4778739459801002,2.5979589223641746,2.635746785722373,81.89765833386174,6707.226440569954,77.99375813802082,1.265384821703877
monthly,M22828,1.5370326100796952,1.520371464163902,49.27020736036463,2427.5533333333287,38.42222222222219,0.6300938398865064,1.0724138526673135,1.069491277464885,35.0392695987706,1227.7504140153296,26.881833703207704,0.44084066047195475,1.044626915192042,1.0407693076056608,34.31157257126756,1177.2840123133606,26.20059300760838,0.4296688556946436,1.8220390150476333,1.7930317101676585,61.55280140239599,3788.7473604828024,45.425254487099615,0.7449379908860191,1.149249369286769,1.1477210750599736,36.64185556882938,1342.6255795269526,28.80936414930559,0.4724506244468527,4.3568454233228,4.461492208705388,115.17008839221036,13264.149260269547,111.13696831597228,1.822557756148075,2.456194862179161,2.4914820023889104,66.5091588737042,4423.468214087626,62.058043077257,1.0177024752039332,1.0775086243858785,1.0716729267517584,37.89082824257852,1435.7148649085862,27.021066623263906,0.44312396945729715,1.3936599009843913,1.399974112291091,38.48421285205418,1481.0346388422122,34.950434027777774,0.5731592788905807,1.2182244081285882,1.2108937604793113,40.8945977163961,1672.3681223858691,30.528998480902754,0.5006512577400005
monthly,M27091,3.339914135297592,3.4176497878581595,62.381184841442554,3891.412222222222,51.01111111111111,0.5253849826645552,4.665476919176213,4.8487847672176985,90.81878566207659,8248.051829134209,71.89877657303151,0.7405158731231193,6.015122771315087,6.248531330804006,103.80284543954478,10775.030721346024,93.79518172483849,0.966036199783724,4.719968341004812,4.882851934749997,87.41164226297616,7640.79520311052,72.72606626643051,0.7490364791588957,4.187193957839988,4.044961312556171,82.41795801320195,6792.719803065919,62.85619574652776,0.6473825132081125,5.454495640011525,5.475638458109453,87.56646944720003,7667.886571447417,83.01123182508678,0.8549677441526451,9.419899159835177,8.846232264049524,158.51824299949976,25128.033363648454,135.27385796440973,1.3932426087876066,7.487855843936378,7.902719141903611,143.5985907686357,20620.555270738103,118.42996283637154,1.2197602172636874,12.655184495360883,13.843192891967021,243.39348522500276,59240.38864997364,208.51450873480903,2.1475790111359467,6.771530761319547,6.3450746442765675,138.40182143569652,19155.064176718424,98.32337646484375,1.012673990319151
monthly,M30227,7.404521909049944,7.762530458539957,127.20139589118776,16180.195116666679,113.48500000000004,1.544205753561788,8.253149244933882,8.66252379207994,133.08383071272902,17711.305997174317,124.92781735346873,1.6999097179111118,5.6838595719275435,5.881589653551306,92.10026266050292,8482.458382133627,84.88519545218588,1.1550443425076646,12.313065507741538,13.17070763318558,195.26985683184702,38130.316987130034,190.6096855202273,2.59365178715194,8.972309407920434,9.471204768591026,148.1197778766784,21939.468598236548,137.09547146267363,1.8654766340919633,8.66424594429256,9.134209316748041,144.27588796546087,20815.531848222217,132.25422553168403,1.7996011455160128,12.135184314996923,12.971020489330884,193.99893590326303,37635.58713159836,188.4523508029514,2.5642966416897552,8.20682778505309,8.651261532921845,139.0424778877032,19332.810657152437,124.86819010416669,1.6990983618601687,6.008564567829574,6.242734158295969,99.61052939422576,9922.257566197915,89.73553358289932,1.2210435498757557,11.437478490430813,12.231315577753781,187.24087942997804,35059.14692971157,176.44933295355906,2.4009699533773223
monthly,M32146,9.994286663431057,10.374341043478054,840.8834924178458,707085.0478208334,649.8124555555556,0.40443025970619506,13.38291594609074,12.766590715833692,1007.5002416354444,1015056.7368954788,849.588212337085,0.5287666901753214,13.11900291122343,12.878356290295212,993.3161903397584,986677.0539910911,833.3059162480711,0.5186329151459351,7.933673610164693,8.294223713832489,717.8038285150667,515242.33623088733,511.433281098514,0.31830583259630946,9.037947520163359,9.875560706639625,821.8195963562601,675387.4489551664,590.7275142361111,0.36765697541739417,17.19391150327333,18.650323057318865,1366.9406437750974,1868526.723604278,1164.7185469184028,0.7248974998672669,15.300085700175664,16.116499317375165,1222.8057144842437,1495253.8153753218,1009.7171157118056,0.6284277130206579,10.12442696007147,10.742284031551193,919.2211038604986,844967.4377825136,661.7198924479167,0.4118412099790634,9.744590607760047,10.313051099564143,926.952106923116,859240.2085292039,633.6754039930555,0.3943868819615587,9.072726153476152,10.050124203593844,831.2963654099029,691053.647143715,592.0121318142362,0.3684564956732811
monthly,M32767,74.80812025609578,142.7156411390714,2096.5288772953577,4395433.333333333,1792.2222222222222,1.0219754568494064,75.46027629344574,260.89192603248466,3028.170842074917,9169818.64879271,2666.777864578398,1.520671651470275,56.628734866227326,149.32081999472783,1761.4329094125696,3102645.89436163,1468.5473714396828,0.8374069645064217,52.937776995354035,149.30652087176117,1653.3395519950773,2733531.674191283,1349.3893490418006,0.769459712838962,66.81069482424107,96.05027268838539,1765.7453430751473,3117856.6165915695,1484.2905409071182,0.8463841619818501,78.05418303068845,145.53015234762518,2437.5574486139353,5941686.315293279,1913.7472330729167,1.0912724318242921,59.21625614810839,106.44524876849782,2060.5851423465883,4246011.128859509,1594.714118109809,0.9093507876376462,98.12638512109602,155.60142263680456,2822.101768612256,7964258.392404424,2241.5725911458335,1.278207660017132,73.16362420935715,133.67807372156523,2251.2986876882405,5068345.781186795,1795.5707126193577,1.0238848601370887,71.77127600992864,250.39639933451517,3042.400900383172,9256203.238652335,2517.708984375,1.4356683884491297
monthly,M32942,16.254575553758766,17.61880448317709,443.7441891767898,196908.90542816662,345.80605555555553,0.4485009844509426,26.10884946928197,22.966387799639445,558.7045803533964,312150.8081078648,496.17724241253444,0.6435282960174309,24.27567166007771,21.702969293351977,508.03208599839934,258096.60040388504,462.7230206867306,0.6001390865544618,23.09361297567869,20.79724639401278,503.4585907216604,253470.55257144038,446.3092204324341,0.578850837102594,15.307715703610691,16.362073377380483,385.8388388988548,148871.60960281646,323.87057622612843,0.420051268445114,40.486193194698686,33.263612420110924,841.4316208558931,708007.1725761755,662.2549213867188,0.8589264977510115,30.732758931287655,40.83103485982663,993.0207862098155,986090.28184476,784.1640368923612,1.017039282184424,16.318185589369424,18.053235274828417,408.950218679185,167240.28135775324,351.43387863498265,0.4558001168718128,16.52106484696795,18.6558103764149,446.6249959564987,199473.8870131425,358.1630862630209,0.4645277148917529,29.1875834572644,24.650343554255493,644.3124921449662,415138.5875340571,543.2865692274305,0.7046278028475178
monthly,M33611,17.484936718630305,16.086902145659714,603.4055205433757,364098.22222222225,545.6666666666666,0.9412371335962787,14.10606522310891,12.949426806480998,521.6856136421264,272155.879481162,451.84212130344855,0.7793963037759071,16.28412070731302,14.862633630290167,573.7475510954102,329186.2523879804,513.9649635898909,0.886553895720705,9.77982040442204,10.574737497742131,423.3782307450905,179249.12626884307,328.8811438697157,0.5672971505494133,14.759456687515957,13.578904010637158,524.279346960619,274868.8336494532,468.4605984157986,0.8080620235595913,51.05873149870194,40.24485461801611,1397.5519148664348,1953151.3547468383,1354.0942925347222,2.3357186875830105,51.92689182015425,39.680254313484234,1484.4819311501406,2203686.603911251,1358.1584608289932,2.342729095858672,14.532188578836703,13.303251550341196,528.5702477720549,279386.5068298115,460.78119574652777,0.794815586865353,13.904446917798266,12.69957023344728,516.8250839854268,267108.16743654344,436.3951687282986,0.7527513825212367,19.281442990035018,16.762608714516748,734.391277101473,539330.5478827325,586.6939697265625,1.0120063842950244
monthly,M35729,15.858781980517064,14.5627771605245,1927.4335267396384,3715000.0,1705.5555555555557,1.6131517192123253,15.666904231891895,14.290299167216611,1917.75146256787,3677770.672181205,1692.0572560518658,1.6003847325375773,14.968013270824432,13.703019727231993,1850.7409261921555,3425241.9758825977,1622.940289052352,1.5350123946041527,15.046644299475838,13.814938942745542,1887.5347175787567,3562787.3100651167,1630.9974537908533,1.54263303710246,12.021982732467373,11.174179874688223,1579.5763670347853,2495061.499294811,1322.5419921875,1.2508891202508035,12.312370653362047,11.57731287881764,1609.123764001969,2589279.287875864,1337.34326171875,1.264888484453914,9.544439807681883,9.371028323306646,1278.7499270314934,1635201.3758830493,1049.269259982639,0.9924217977797226,12.060616641729705,11.299649580105495,1590.0648178746205,2528306.1250426504,1325.631130642361,1.2538108949142623,6.099304027421852,6.108627727067124,843.739415667704,711896.2015512785,679.2976888020834,0.64249460006074,13.479974349673638,12.491817090491297,1688.905423893466,2852401.530856768,1471.0098741319443,1.391313287746467
monthly,M36857,10.209960109180908,11.217044695187697,162.66128410292328,26458.69334601192,122.89197005555557,0.6036682437875523,10.497893029258677,10.950272151088667,149.32077233868762,22296.693051822174,123.24046245680026,0.6053801033641999,8.845410221877847,9.313272832692423,130.0706016470444,16918.361412824113,102.27873417227391,0.5024121902080234,15.672764942593071,17.990055438000415,240.9001735670749,58032.89362464681,196.49108315591317,0.965200794120411,7.195025483193715,7.813569381209379,120.97273178665115,14634.401835925037,83.28441517534722,0.4091085578744239,15.756309068970186,17.63703399011071,242.41977101674397,58767.345379810584,196.91650550585933,0.9672905479321847,12.07445277645966,13.526763468870634,198.32326250684338,39332.116451358306,148.29217927430554,0.7284388018963327,15.285193556536736,17.13777731283433,223.2610699899251,49845.50537304623,194.99775758723956,0.9578653008165221,9.697974523468126,10.889989453255248,165.70352563447534,27457.658407695228,115.50278555078123,0.567371193369996,9.37836098291422,9.874686235892199,139.24341964649412,19388.729914849668,109.8057160125868,0.5393861268005312
monthly,M38179,1.905299909828439,1.8823602627021516,96.03240193925289,9222.222222222223,85.55555555555556,0.9456140350877192,3.0435840293543057,2.9866066894179157,158.57833437971448,25147.08813464454,138.0202006111024,1.5254864278069213,0.742260210267037,0.7426409258967852,38.43084193761473,1476.929612033927,33.79786079522617,0.373555303526184,2.9562489766687454,2.90325794102393,154.3343148001284,23819.080724825133,134.13485904924696,1.482543178965361,1.2175332314261278,1.208247097973246,63.33197371838793,4010.9388950665793,55.093912760416664,0.6089327199835526,2.0486965824831764,2.019272775151288,108.51097286558243,11774.631232235166,91.58474392361111,1.0122524328399123,1.3606432270925248,1.3402920305725907,89.15525918225715,7948.660239855449,60.27284071180556,0.6661735026041666,3.100232183351126,3.0473574824475365,148.08110092441385,21928.01245098644,139.80143229166666,1.5451737253289473,3.7317421581779318,3.655298283031604,175.30598062228665,30732.18684194154,166.51327853732639,1.8404099206757125,2.0076936751848127,1.9776777985613874,109.40366958571052,11969.162918819322,89.80308702256944,0.9925604355126095
monthly,M39965,29.459341077887093,24.415734066364372,502.08797037969356,252092.33000000002,422.1111111111111,2.7196370229662468,3.218588823590999,3.265006202766021,66.98901312439465,4487.527879380318,53.818347941268534,0.34674844542868616,8.766915908316701,9.265840220501556,174.0280307136275,30285.75547406327,156.55814725829703,1.008694920183205,4.744852696547656,4.567945302293002,99.7872489683254,9957.495056666558,78.67837185350572,0.5069201150290857,52.06187362783301,40.25664470512733,740.362122806079,548136.0728859236,694.6461642795139,4.4755643159053795,53.55914841858994,41.88379079199376,727.1266336004653,528713.1412911454,712.8650566948785,4.592947566490371,49.872643719028986,39.64102016769074,685.7319551516869,470228.31431615516,673.9821662055122,4.342427393599239,36.55666838396902,30.653874802671954,530.1198374373308,281027.0420445821,518.7708692762586,3.3424101507451605,31.10308540022504,26.357707250641386,469.59440730241306,220518.90736970463,441.15327148437495,2.842324540506521,2.9983851333529,3.0578982908606016,64.2631322902515,4129.7501717543655,49.80618218315975,0.3208982977997652
monthly,M43446,15.998589384382228,13.168852477314925,2284.9842814922526,5221153.166666667,740.8333333333334,2.139943536971771,95.29476673491146,63.02276422370991,5036.488822862128,25366219.66281514,3384.813918454894,9.777247246771175,18.090601129750443,17.708645769042583,2374.129446678738,5636490.6295870915,861.3850609797129,2.4881647614230435,99.74978462246723,246.59249006936804,3917.3191328539774,15345389.188623838,3317.8752074101285,9.583890582555023,67.80143799865347,53.53186296129403,2617.6595805889824,6852141.6798492875,1420.1647338867188,4.102234884656179,75.55183183647071,132.19134139025027,2593.4759672056007,6726117.592473025,1508.4610731336807,4.35728439715535,67.57340386848988,94.27274600900807,2332.45631302161,5440352.452154364,1300.3426310221355,3.756121227137936,47.92204266996764,37.36156539653713,2207.68688723554,4873881.392071748,1016.3219604492188,2.9357097107929615,38.5647206632603,33.489563513486885,2474.888231152715,6125071.756698214,1067.4532199435764,3.083405560006249,54.14442288818376,59.767736689722184,2660.7946068152414,7079827.939657074,1317.7532755533855,3.8064129655934966
monthly,M44256,6.592383428180301,6.21060082386649,379.81248151043053,144257.52111111113,281.8888888888889,1.3871734116340992,3.385458516236864,3.349149933116239,164.97755136581415,27217.592454659843,151.24546268928304,0.7442779504358832,3.034632365897831,3.0468962108478452,149.62840301127102,22388.65898770334,135.4679714288188,0.6666370172828487,6.889164550906999,6.630341297507929,321.8765352988941,103604.50397602022,300.15569526539133,1.4770642484841472,10.237143233272644,9.669233328463548,469.14920879644603,220100.9801143313,435.68521592881945,2.1440041491551742,27.302230545860546,23.983607974428324,1086.5993306319147,1180698.105329725,1076.843079969618,5.299137879907069,22.294962589940205,19.94562434021092,914.0636704810934,835512.3936933688,891.457052951389,4.3868544316952,8.70665074125431,8.184034724655511,444.64017813153885,197704.88800884658,364.48845757378473,1.7936453585908152,20.275236976965417,18.96263810888056,877.3788985906015,769793.7316920569,847.2501085069445,4.1693123420277685,7.760179088316793,8.122118432011275,393.79773720009274,155076.65782391332,365.7219835069444,1.7997155317848879
monthly,M45128,35.46705068974194,36.28352031766181,2346.281040758379,5505034.722222222,1668.0555555555557,0.9042912043562592,13.850010584228048,13.997761365012662,919.2324772162042,844988.3471690393,663.361554379002,0.35962352508890927,37.6013092613794,29.821439502979725,1916.9894671753534,3674848.6172612454,1574.3934576227527,0.8535148311952471,34.95612753799511,29.02542552271543,1737.1609794797253,3017728.268626958,1525.0587962051404,0.8267693788383067,17.620542942213124,18.73248312003176,1075.6104560545198,1156937.8531738122,882.2609592013889,0.4782939169475165,22.431141179193126,24.118770220200872,1363.3543135306138,1858734.9842225313,1135.4284125434028,0.6155418044797804,22.037327924430905,26.004933163176602,1644.9892879337567,2705989.757416808,1153.8633490668403,0.6255358067151905,21.344402087313906,20.85554949862653,1212.4843998088922,1470118.4197799298,1013.1793077256945,0.549267758715003,12.952235950030765,12.909039626761182,928.702998032677,862489.2585548825,641.01611328125,0.34750954856405186,22.61416799939586,19.74333216318421,1303.8385482671201,1699994.9599473113,1028.8059760199653,0.5577393342838368
monthly,M46417,28.914402136804608,24.380627994784273,1918.4375813249198,3680402.7534398083,1658.5298135000003,0.46328789246692414,8.24242041314574,8.480341795591476,690.2851932361314,476493.64800104324,545.450410302263,0.1523642017027597,21.283311345229794,26.32318929422747,2527.7603223029373,6389572.247009049,1722.849356125268,0.48125468757952633,54.79552439463191,76.65491011439934,5062.039770662434,25624246.63976819,5028.939764791382,1.404766369593698,119.05643923555648,238.26624729231102,19049.248329235732,362873861.9088903,15977.705454141493,4.463156119385906,137.2930573027176,313.91476621204237,24902.20417581324,620119772.8138905,20142.584130585936,5.626558699601494,129.90571955657921,263.0994008156419,22224.645513566265,493934868.2036811,17957.193421032985,5.016099335045982,113.93528069036134,208.0475339979108,16266.565700195175,264601159.67876613,13912.755441573785,3.886340236074658,178.7891889212287,878.2320348577584,60729.191622125014,3688034715.0767794,57573.61417145399,16.082411153591696,190.92376925437392,146.1340473453294,10429.6622983422,108777855.65746069,9932.36107657986,2.7744708554129303
