category,series_id,seasonal_naive_sMAPE,seasonal_naive_MAPE,seasonal_naive_RMSE,seasonal_naive_MSE,seasonal_naive_MAE,seasonal_naive_MASE,auto_arima_sMAPE,auto_arima_MAPE,auto_arima_RMSE,auto_arima_MSE,auto_arima_MAE,auto_arima_MASE,ets_sMAPE,ets_MAPE,ets_RMSE,ets_MSE,ets_MAE,ets_MASE,prophet_sMAPE,prophet_MAPE,prophet_RMSE,prophet_MSE,prophet_MAE,prophet_MASE,dlinear_sMAPE,dlinear_MAPE,dlinear_RMSE,dlinear_MSE,dlinear_MAE,dlinear_MASE,nbeats_sMAPE,nbeats_MAPE,nbeats_RMSE,nbeats_MSE,nbeats_MAE,nbeats_MASE,timesnet_sMAPE,timesnet_MAPE,timesnet_RMSE,timesnet_MSE,timesnet_MAE,timesnet_MASE,autoformer_sMAPE,autoformer_MAPE,autoformer_RMSE,autoformer_MSE,autoformer_MAE,autoformer_MASE
yearly,T54,24.022240299609624,21.102472708305562,1926.6271023907736,3711891.9916666686,1762.7833333333338,2.6947692934851855,16.651447490016498,15.238312794992307,1361.5773952188872,1853893.00317105,1265.509121101426,1.9345855248817951,26.172662035884315,23.02160899179813,1965.3167103049345,3862469.77180381,1890.7970221109008,2.89046399466621,26.052251135492625,22.92751759824143,1957.7801376657796,3832903.0674386392,1883.1938592518452,2.8788410292010176,42.52099819068565,34.08343374489717,3039.151889578444,9236444.207928225,2801.026383463542,4.281932864730631,72.0661750675553,52.158178038296924,4177.45009673309,17451089.3106953,4135.054134114584,6.321262912351272,59.22611286045076,45.48802508465747,3657.1830207019843,13374987.646910891,3639.219783528646,5.563280262216077,,,,,,
yearly,T55,12.439710650722493,13.621038451159647,428.9343993743877,183984.7189666667,360.55333333333334,0.7503711411723899,31.086365593557908,38.20783298838447,1137.2014979287549,1293227.2468914038,1050.4364123832686,2.186131971661329,38.89393316969147,50.43683827253628,1526.8610908425874,2331304.7907290156,1406.1065648915867,2.9263404056016373,51.715857947891855,71.32354730061255,2026.6323033251874,4107238.492881154,1989.1984852276535,4.139851165926438,22.394991025723616,25.939015025382762,895.74342425005,802356.2820872051,740.7943375651042,1.5417155828618194,45.05093071784681,60.135529936964126,1712.2373252718062,2931756.658053949,1653.8900813802084,3.442018899854752,39.311661242671754,51.71960199649378,1528.6705782982583,2336833.7369547314,1407.7016048177084,2.9296599475914844,,,,,,
yearly,T59,28.400229611661526,24.397257089878888,1767.0104522422423,3122325.938333334,1605.8833333333334,6.056315623555532,17.330150603208402,15.77193609242811,1133.3652284783097,1284516.7411236914,1036.0275679242193,3.90720161036212,18.106996173356404,16.40522147424141,1182.857030569098,1399150.7547667443,1078.5933321646905,4.06773114426235,12.596089094629976,11.656714159791145,900.8832213110154,811590.578439712,779.2171137282522,2.938684698980371,46.71463261924514,37.045343405567756,2539.7231958129664,6450193.911350426,2388.3591634114587,9.007290016521024,31.95834227296585,27.440017639550803,1807.1329737258288,3265729.5847271574,1755.7842122395834,6.621641270855333,29.44200345088542,25.550600461487022,1679.0597350923176,2819241.594008284,1632.7358723958334,6.157585403545582,,,,,,
yearly,T82,55.62648089626519,80.55858406687416,1739.7874089478098,3026860.228333334,1698.2833333333335,5.826783672033078,52.40202489877227,79.14161633512421,1783.349045030658,3180333.81641176,1611.5801267400213,5.529306320300943,44.37466382145628,62.62881186247965,1403.0264747546264,1968483.2888623942,1266.0970604790525,4.343959299611423,44.36920801628379,62.618894996839856,1402.8208013892436,1967906.2008103596,1265.888791726569,4.343244732764686,44.166740475306995,44.80047498254653,1113.0006412807718,1238770.427491409,1000.7061197916668,3.4334071146190723,30.10631890589155,40.02760656545091,1018.9520553949528,1038263.291193599,771.0684407552084,2.645523813623042,57.2423605333214,84.63138601923568,1840.3304304607796,3386816.0932799582,1776.9929768880208,6.0968352334505855,,,,,,
yearly,T117,16.641278558719076,17.689384220650982,1860.6461955460531,3462004.265000001,1412.0833333333333,1.9041234903412965,21.55493879732376,29.62965759105762,2888.398743772818,8342847.303028393,1943.858343572739,2.6211953972684157,19.3459394809255,26.559470828561295,2688.719806580446,7229214.198297991,1702.8226750672582,2.296170897950809,20.075921957876574,21.97211197282021,2067.0778159056426,4272810.697009242,1691.0116542588546,2.280244329287823,90.70369905082563,54.45468878310443,6175.963356899938,38142523.385770746,4974.947827148438,6.70846740930946,69.0139307614439,49.941696160231025,5002.091005713916,25020914.42944406,4608.118644205729,6.2138166704362225,16.322325048927375,20.356994096300298,2158.569223977449,4659421.094702606,1415.0735677083333,1.908155671290294,,,,,,
yearly,T126,43.333066777905785,33.58320158459027,3215.090338025771,10336805.881666666,2490.1499999999996,7.9162570611107,31.998682952107572,26.012906057479952,2637.089629714297,6954241.71514669,1972.3295790230895,6.270091342601462,26.98464791966092,22.291678312939776,2404.854323554763,5783324.317520037,1731.7700273441606,5.505345745108963,26.981826299652813,22.28014808159434,2407.969299272856,5798316.14624061,1732.2158580066232,5.506763053355366,80.63270559514416,53.460358986858225,4642.749317342309,21555121.223682474,3788.2874593098954,12.043072645936622,115.11302771671501,71.4596882235393,5446.457321301569,29663897.35275946,4817.699019368489,15.31560102017224,44.74000213451884,35.84161902272391,2921.292457258733,8533949.620836766,2485.274641927083,7.900758160333571,,,,,,
yearly,T237,9.831285996462823,9.784297957814625,294.5176848113992,86740.66666666667,271.0,0.4948183971575208,12.23782780626459,11.568961200372565,368.84522402305834,136046.7992846201,334.6759941463854,0.6110842767181337,13.301335613881296,12.457588381750465,397.2986798029408,157846.24097315967,362.21159963867325,0.661361487693985,9.128539099061035,10.122718450355086,360.3279927597227,129836.26236625078,255.5596672238721,0.4666259221912391,16.515228642875147,18.7598699107807,621.8645099149303,386715.46869173646,514.2151285807291,0.9389044491456268,18.034130318612327,20.06067408719564,588.9824886099703,346900.37188919383,551.9851888020834,1.0078687320211748,25.1267248023106,21.29414356714012,685.7510415886399,470254.4910399045,581.1570027669271,1.0611334930110692,13.490890491295907,13.152243021108998,456.95749566948984,208810.1528485318,386.4105224609375,0.7055462559738792
yearly,T259,6.353966468835683,6.141573760486323,352.41157283305364,124193.91666666667,336.6666666666667,3.6556950571202353,2.1938541972226404,2.197711202479273,134.15734230676088,17998.192494813415,119.89708789879478,1.3019025492912903,2.230816020187393,2.22403904534486,134.22863614247365,18017.326760668584,121.40102704928404,1.3182330728120426,2.4196531400434664,2.441128512029397,156.5098730454756,24495.34036071088,132.89060912102408,1.442992701687401,22.263010345546128,19.8559276149007,1133.0346684741771,1283767.5599643886,1086.7985432942708,11.801002166751498,10.00131265223758,9.450624709474969,555.3246279351888,308385.4423913558,515.311279296875,5.595507613674924,3.748867695427248,3.7471317852469306,216.1569774259363,46723.83888991674,203.74527994791666,2.2123681568827056,9.002717764470813,8.592377476194047,483.92220710505774,234180.7025294304,469.27783203125,5.095653418730913
yearly,T269,12.07988078446004,11.294136498311985,729.4823221527259,532144.4583333334,673.75,4.944954128440367,2.9281562953924203,2.8825125102898626,178.29605225891643,31789.48225111426,170.5771145390478,1.2519421250572316,3.386921936812414,3.3264299061532028,205.1659259307053,42093.05716300366,196.87524994113224,1.4449559628706954,5.225070486556973,5.0828759861119845,314.10621562011784,98662.71469119197,301.2834906420797,2.2112549771895758,38.447704323166555,31.762032627443386,1929.4328423327195,3722711.0930721164,1859.137451171875,13.645045513188073,15.954560157109052,14.750907363663837,877.2099772413911,769497.344171842,865.9827473958334,6.3558366781345565,11.365102422811999,10.686969596294523,677.9874572095405,459666.99213345844,635.8650716145834,4.666899608180429,17.2089125875659,15.803615506759163,954.6304147272149,911319.2287222544,933.27978515625,6.8497598910550455
yearly,T272,3.6690362430448564,3.7527171122570793,208.22503852002686,43357.666666666664,189.66666666666666,1.2462696783025324,13.662695597423182,14.817254454610884,805.1997009266139,648346.5583723084,752.3262413138509,4.943416780707029,12.69166588625274,13.69418228713676,748.2710337287896,559909.5399175513,695.1977592070198,4.568034557417789,7.494155646110596,7.856575532337564,446.4556406506792,199322.6390688084,398.7570866810045,2.62016976874582,31.11806940207782,26.69187231836185,1395.152927336868,1946451.6906566322,1357.9262288411458,8.922718546800136,12.40462506592061,11.932016999917789,637.0870696242564,405879.93428242207,609.8409016927084,4.007168142539357,10.96644081563917,11.79666829608944,684.2622490553233,468214.82548224926,599.614013671875,3.9399688783367557,7.716703597692542,7.493892204523201,405.1448779043955,164142.37209216753,381.1214192708333,2.504288586584531
yearly,T286,8.40099538800374,8.00302193936398,496.3981097197423,246411.08333333334,451.8333333333333,2.712695434646654,2.455812382438995,2.49026952264575,153.2723792259886,23492.42223359526,140.4100162951921,0.8429869646240425,2.5159965491726304,2.5528677465446554,157.58359187401933,24832.58842791749,143.94777325532337,0.8642267812702341,1.9543958124245076,1.9761854273562973,119.83363396765546,14360.099829894027,111.09974823775899,0.667015374035326,40.61353861702761,33.02856548093046,1950.6517889867594,3805042.4018772445,1842.1708170572917,11.059937363195747,5.945005090265978,5.709917404819457,384.8697068338369,148124.6912383636,323.261474609375,1.94078183630394,3.677948989313147,3.763151929065369,238.27901916410178,56776.89097380638,212.58479817708334,1.2763064806128832,8.905875485076658,8.482162393816976,505.6557300599059,255687.71734241644,474.517822265625,2.8488874882739212
yearly,T287,4.996724342661013,4.836034478751536,303.9825241687423,92405.375,262.0833333333333,2.423892100192678,1.853452337821298,1.8739882024941201,110.17466889448178,12138.457666008691,100.60041548887496,0.9304084669491326,2.143083514987228,2.1695196149453047,124.85720521969144,15589.321695272141,116.35417194488006,1.0761079486231682,0.5990778668745252,0.5999834113353338,34.63754011957574,1199.759185535219,31.929358382244875,0.29530042434446124,22.893991954061914,20.31931689834688,1146.2477588210197,1313883.9246022105,1088.4672037760417,10.06674870544316,5.49419727023654,5.340245509267049,292.0551614405372,85296.21732405822,285.1060384114583,2.636818852360308,1.0145447573524609,1.0133286305924691,61.54856019893913,3788.2252625624337,54.0458984375,0.49984645953757223,7.319237128067088,7.048937777471053,388.37854478363465,150837.8940482537,377.8627115885417,3.4946840378131023
yearly,T319,24.917057056243543,21.63983686526992,1567.6370886358445,2457486.0416666665,1405.75,4.335807228915662,13.925659653386907,12.874079261965369,927.5166342248729,860287.1067638366,831.301609741581,2.564014603540298,14.205558556467848,13.063156043649263,958.7212947683074,919146.5210422197,848.0918725558091,2.6158014382444232,14.220224631355228,13.075213146082215,959.7090861581714,921041.5300545526,848.9113689773966,2.6183290416652234,44.20924801655717,35.3607980237185,2393.7390700294172,5729986.735385299,2235.1846516927085,6.8940635040160645,30.171709281745645,24.295852391243923,2002.9781702731345,4011921.550590714,1574.095947265625,4.855042921686747,14.004521918905786,12.754060755961163,1001.0064079834872,1002013.8288240036,835.9852701822916,2.5784605923694777,29.101508987134956,24.845357790941634,1761.3281770305775,3102276.947201858,1594.7977294921875,4.918894201807229
yearly,T325,42.724698712658025,34.27442191786896,3170.1705790067513,10049981.5,2881.1666666666665,10.45202735895401,33.26794857554215,27.857863202913453,2597.308493830514,6746011.412124135,2347.6259768755504,8.516498272306723,32.74050911717418,27.46454129139994,2569.177410514864,6600672.566699862,2317.1923042758153,8.406093837073584,28.632135590038928,24.296122123314802,2359.58743056788,5567652.842493929,2076.7924298081803,7.533993623609769,54.99547381097788,41.561347925967965,3874.026986389612,15008085.091274977,3497.5787760416665,12.688189642141857,45.77661677034131,36.48772385115544,3280.1234087265284,10759209.57647574,3034.8373209635415,11.009499407191171,38.80040404078644,31.53522269201342,2968.321081933002,8810930.045447906,2667.2718098958335,9.676079573366588,43.85396972879341,35.027121629325066,3228.752733348351,10424844.213104447,2940.5533040364585,10.66746465584023
yearly,T330,22.08133056533349,19.688132926944913,1423.8258174135392,2027279.9583333333,1345.25,6.133067388516883,12.020602702149684,11.263509631496522,817.7893854934123,668779.4790256928,767.8456117905076,3.500649604971683,12.61612037166808,11.791332337806343,852.0977380748877,726070.5552323399,803.296810504337,3.6622735341414425,20.79190179384428,18.759080783753543,1306.964367218834,1708155.8571797274,1269.9302790378902,5.789680713664693,42.16239542633479,34.26331706091552,2405.3947061404565,5785923.692328532,2303.3987630208335,10.50131933561286,30.054148529180836,25.81844100279468,1741.1464327758035,3031590.900367906,1698.6137288411458,7.744071708636083,19.46253252115564,17.574006105886646,1272.951973503719,1620406.7268470128,1201.1220703125,5.47598037469725,31.206701789584045,26.89885389611937,1828.598968057131,3343774.1859796047,1801.7490234375,8.214271085624732
yearly,T352,41.1737791251642,76.82851598565391,3347.9521103703582,11208783.333333334,2640.0,2.498107494322483,42.4114660473984,81.6367019770087,3564.521691866786,12705814.891788855,2769.270228434218,2.620429814945324,42.02151184195835,83.61717727693366,3687.9588779916817,13601040.685757665,2756.1698727911876,2.60803356622936,40.2231616783084,70.37336879686654,3144.7908423636895,9889709.442214524,2511.1067797145083,2.37614191873061,45.018585587319286,38.725756118889045,3412.695435855304,11646490.137907624,2818.7881673177085,2.667286305183297,59.348160609254165,82.43905865353047,3961.9115822154095,15696743.38529261,3722.9034830729165,3.5228079892817155,53.31817739312685,91.39899124246178,4403.743862872995,19392960.00979157,3535.4823404947915,3.3454602010738,61.024211979807106,71.32937009426485,3777.487200272338,14269409.54822135,3626.0266927083335,3.4311380513894147
yearly,T405,5.972216181748242,5.789427893048419,647.7781500380105,419616.53166666726,628.8166666666672,3.491340819603108,1.3964693648550228,1.3866379518572827,176.20862707352993,31049.480255138344,150.06673764571556,0.8332064886010604,1.4991666213420405,1.483461205596912,196.2985262609086,38533.11141220462,160.27181111933865,0.8898675020159547,1.9190209086968109,1.899020025872173,236.60021552473117,55979.66198634924,205.11886307438272,1.1388690813785245,36.91914771797048,30.96707442524907,3402.5387477866707,11577269.930189684,3347.8841634114583,18.588255144352438,7.589922856524164,7.221076343433734,903.6662661690482,816612.720611909,779.9436523437498,4.330434059346498,4.43936732933451,4.3369267292578115,485.88364270243073,236082.91424578335,470.5190104166665,2.612434298497654,18.384872787681918,16.7169356471937,1883.4952946071685,3547554.5248073447,1810.2634765624998,10.051016623752474
yearly,T413,4.0644560772462786,3.9764025815241606,366.1511527588936,134066.66666666666,350.0,1.2466607301869992,2.5810979593248415,2.6093450580972526,252.151085811407,63580.17007587154,228.50065915035825,0.8138937102417034,2.4906687092506115,2.5118633970957243,236.47831981807525,55921.99574397988,220.0398739052877,0.7837573424943461,3.7748403241912474,3.8925232343400515,431.191838178404,185926.40131167092,340.37449732717505,1.2123757696426538,30.567131056691522,25.930358537823455,2455.4309891235584,6029141.342348297,2281.0516764322915,8.124850138672453,11.914978424328321,11.066336763944529,1099.834866410215,1209636.7333715756,973.2000325520834,3.466429323426833,5.0452059388034325,4.897709958628224,471.88062911492875,222671.32813390097,431.4085286458333,1.5366287752300385,23.75674284210099,20.88141629967136,1953.3985055372061,3815765.7214349904,1825.0413411458333,6.500592488498071
yearly,T435,10.55835183482884,9.939551440947685,389.3659375617407,151605.83333333334,353.8333333333333,4.05042245843554,7.417252578392102,7.093547370532181,284.84908997478743,81139.00405946454,253.12781744548337,2.8976201506433092,4.720385585976445,4.557870931896221,204.82316614895385,41952.529391281954,164.32093560495863,1.8810246103592974,5.957218439127066,5.725296346660526,243.14090907736815,59117.501666969,205.41015549572467,2.351383627915082,13.706926017587694,12.772323820064283,468.77156062749856,219746.77605314055,450.0828043619792,5.152215258436393,11.052876755056348,10.44025637895884,383.65209758289546,147188.93197975555,368.532958984375,4.218692907425388,12.68339655291516,11.902346510845362,429.7349309119675,184672.1108459135,418.9176839192708,4.795459995805226,,,,,,
yearly,T453,2.0783915005341718,2.1025475697791367,209.73415712913018,43988.416666666664,185.33333333333334,0.9683398644025627,5.191804743891318,5.377705022161763,545.3414907043345,297397.34148362576,472.9179020526778,2.4709276464778838,4.0073503207049885,4.109440867180578,409.98633762447207,168088.7970387276,361.85434081525665,1.8906366006395197,5.530495100480917,5.737656489071693,579.5419646108459,335868.8887449989,504.9222599083084,2.6381457879142816,10.106844076110733,9.505544182480277,950.3720666765976,903207.0651191473,844.4512532552084,4.412135676645986,9.908679376041949,9.384832040815365,975.8118902711416,952208.8451945385,839.3431803385416,4.385446734368196,2.853139411140411,2.866399092769268,290.61584346251965,84457.56847143173,255.17822265625,1.3332693103890652,,,,,,
yearly,T463,2.439048416023377,2.432223978038266,192.28754509848005,36974.5,184.0,0.8867469879518072,4.059833711210451,4.172582085353971,365.5763301789054,133646.05318707603,312.28189878279835,1.5049730061821607,2.4352745992629,2.440557532562178,225.04377359844906,50644.70003543,183.22660067964003,0.8830197623115182,2.450174669078508,2.4561097406339143,225.50738162427857,50853.579167038006,184.38696157313007,0.8886118630030364,13.315539612147752,12.393464101352778,983.7150184880253,967695.237598896,937.28369140625,4.51702983810241,20.030879005477367,17.6408013059001,1680.103999740238,2822749.4499431453,1348.375,6.498192771084337,6.240506599867573,6.172283484968152,521.5959539036068,272062.3391286135,467.970458984375,2.2552793204066264,,,,,,
yearly,T478,2.484213280256184,2.526009462270112,193.1243122965102,37297.0,168.0,5.352212389380531,1.006815145658906,1.0150717854888194,85.14891464884315,7250.337665875974,67.319298707715,2.144685622546673,0.4738603799190637,0.4760782252044082,43.937455558313495,1930.5000009387732,31.50000001490116,1.0035398234835768,0.6399273258483565,0.6433888911846437,54.996263839320015,3024.5890362840983,42.65472258519973,1.358911515988664,4.623308790759273,4.738549854309012,324.2568249636138,105142.48853548367,316.7942708333333,10.092560840707964,3.97543175739953,4.059177077323926,275.908092048828,76125.27525802453,271.4501139322917,8.64796823147124,3.040524624492284,3.0970213334695353,225.30544704256891,50762.544467051826,206.37548828125,6.574794316924779,4.04479476013321,4.13440274732899,285.14961145290806,81310.30091174443,276.23779296875,8.800496059181416
yearly,T479,5.983727162720426,5.76616233392489,383.6156931096537,147161.0,340.3333333333333,3.5349105597230235,3.7726025129397933,3.687074209585713,242.20933189452884,58665.36045679403,217.4147224821239,2.2582025416492963,3.83608504605055,3.7473609038072224,246.59914815530215,60811.13987092066,220.99803565565784,2.295421028160324,5.838906955211931,5.647161755984329,359.8876275957873,129519.1044965241,332.21997879588207,3.4506402875509967,11.24076033157172,10.598626969144256,645.5700890047951,416760.7398176591,620.051513671875,6.440234994860791,11.700189284773836,11.044378874965554,650.8936349771843,423662.524053812,644.1746419270834,6.69079258781737,4.056787067721769,3.9580484011901653,259.33976174417546,67257.1120215257,233.24576822916666,2.422633484203693,11.038084731243886,10.416659956597606,632.5575662019158,400129.0745592912,607.8834635416666,6.313850169503751
yearly,T497,13.41302291607673,12.358323736302427,1296.2241465374211,1680197.0380666659,1128.343333333333,3.6413833907056796,0.9244625752636675,0.918128436635509,115.38466663820226,13313.621295209065,85.147734278788,0.2747882990924742,1.7996977738664532,1.7676687847287753,239.89076857793435,57547.58084891206,166.6299977818153,0.5377474110858929,3.962458793637417,4.046539305137528,358.04796736457075,128198.34693390074,352.0218040961777,1.1360428273327594,66.87764649069922,48.720818404407716,4516.751546327535,20401044.531252176,4303.375436197916,13.887829505802229,16.3255627142616,15.058444214211638,1375.9327571534118,1893190.9522077895,1340.1950162760415,4.325069975073284,16.433008251226024,14.801670090442384,1595.2313724553062,2544763.1316656396,1356.5233854166665,4.377764798031412,27.99732093976622,23.87827320839105,2415.681046887995,5835514.920293879,2151.082060546875,6.941960178184838
yearly,T501,3.105091599498395,3.204265980261298,289.80332868458663,83985.96931666655,200.44166666666675,0.9033303570338787,4.172320519476874,4.1198211897241315,291.35502326336217,84887.74958079432,270.0657322387201,1.217105097871295,6.191908203234047,5.981297072537697,420.35933867720036,176701.97361313322,392.34892729684344,1.7681987107317179,21.63073784695102,24.64174562732726,1673.3370644857825,2800056.931381896,1585.10591364688,7.143596013359571,8.935757503857236,8.606904250900389,710.9978822302578,505517.9885359116,563.661708984375,2.540253936672422,5.25848248393686,5.435796000030338,383.47496170162384,147053.04625206187,348.4041308593749,1.5701527190185534,3.47039925246351,3.589837030629445,309.5119720242499,95797.66082634007,225.1856510416666,1.0148440588086727,4.661668994386265,4.812274386505186,349.8769205463601,122413.85953100398,306.7887337239583,1.382604629953027
yearly,T530,0.805896917610483,0.8019291684289106,44.64489519157444,1993.1666666666667,35.5,1.2263636363636363,1.485803169686388,1.4644423744871466,91.2622632369267,8328.800691126102,65.0059494804215,2.245660072960016,1.5551603080547851,1.5321244198828008,94.73999656506211,8975.666949147982,68.00000148266554,2.349090960310264,2.479993493132009,2.4324155489184833,135.6005551565461,18387.510558763504,107.740332860077,3.721938771529933,1.1196415778134072,1.124106278494294,56.27229360632105,3166.571027716001,49.397542317708336,1.7064605527935608,1.7905850007755624,1.808113350724484,89.36443137146219,7986.001594344775,79.21964518229167,2.736678651751894,1.9105800979841465,1.8799814899156064,109.00505522410805,11882.102064410845,83.331787109375,2.878734463778409,0.8971950746250448,0.8949335616477374,44.98515077518046,2023.6637902657192,39.502360026041664,1.364626982717803
yearly,T533,18.554485849232815,21.040989362970762,539.400284266394,290952.6666666667,485.6666666666667,3.074920858248329,1.8314624874492484,1.7970584952654338,60.14669396957892,3617.624795470181,40.91724054197433,0.2590609672020886,4.518625894895984,4.662966085928044,124.99866438017008,15624.666096826402,107.66666442404191,0.6816742735254148,15.905188878853963,14.526062585129559,359.84367493166593,129487.47038832644,341.1621815904264,2.1600138123910217,64.28049138205091,95.25100938824221,2317.8934730086276,5372630.152215998,2303.1366373697915,14.58194142548584,20.469066514558488,22.885622385334102,550.8197119665257,303402.35509088635,547.4889729817709,3.4663389073766706,10.490333888302416,9.74298481964616,260.1995890213767,67703.82612689336,223.17472330729166,1.412995082494284,13.972422265972071,15.804712451104393,468.79218788701877,219766.1154238979,361.2495930989583,2.2871940470563663
yearly,T534,36.25829104552003,29.416540639008886,3509.2017135905235,12314496.666666666,2903.0,9.435536294691223,18.077068311443703,15.888451889565882,2159.5883207218612,4663821.7149982685,1633.1331347285238,5.308125031620337,20.681855860952037,18.030215048806486,2338.80840380949,5470024.749729893,1826.1667466006845,5.935536554498433,24.227840502097838,20.929939289467477,2552.584223754612,6515686.2193609355,2077.361484779837,6.751987491158734,89.19485560307848,60.639405186211995,5945.071951420103,35343880.507562034,5571.9105224609375,18.110218382863284,31.278042232340013,26.86055511078886,2716.88026853633,7381438.393562038,2500.4701334635415,8.127205200856581,21.663239355202922,18.785336199358884,2422.043124838649,5866292.898578167,1899.9249674479167,6.1752707501015704,41.42523774621083,33.859689405211995,3502.137622634817,12264967.927874247,3179.5026041666665,10.334244650595881
yearly,T593,15.354067990907927,14.052258643718089,1420.9266342777871,2019032.5,1272.5,2.3824630746827546,6.876439621751848,6.591261088550733,676.3421510615963,457438.7053026271,594.1818712242616,1.11246865841863,2.7874428300545913,2.8593223300829638,354.0656565657244,125362.48915931751,248.9284939261835,0.4660612534503124,18.5776477644172,16.95962993106148,1528.9201063879902,2337596.691717463,1497.5891960983763,2.8038907353620526,75.64642520728525,53.73661885167722,4970.334967669509,24704229.69083826,4765.15380859375,8.921652647668765,69.80818111113703,49.6072509799841,4680.734513155594,21909275.582645934,4370.353271484375,8.182479601281335,21.257708591159467,19.139593174445725,1757.6265171678995,3089250.9738517604,1700.9152018229167,3.184571836156907,140.47305481464326,82.66443804223526,7662.854597227668,58719340.5782532,7359.5231526692705,13.779011519455677
yearly,T612,14.753625960017303,13.128903024866908,996.7323278259481,993475.3333333334,748.0,3.241213288396726,12.4145451198932,11.784105099953447,719.1327450325546,517151.9049780571,635.4808988416745,2.7536485746630093,15.296513736055148,13.576350078748439,1022.374175056499,1045248.9538224569,772.2782602306137,3.346415186362794,23.55889437845286,20.374936536828127,1332.6919388864299,1776067.803972872,1121.5707002429633,4.859959702545339,24.529342138440434,20.847231324164188,1428.6608264345684,2041071.7569887042,1161.2307942708333,5.031813745034906,29.879218288715272,25.35105214363899,1549.8837493056978,2402139.636361887,1370.7578531901042,5.939730707130929,18.291396203990104,15.946280375861086,1166.774580557472,1361362.921835065,902.9442545572916,3.9126135248029006,31.211611894433776,26.35976618435639,1593.0440345681686,2537789.296073228,1418.9713134765625,6.1486479640294
quarterly,T57,8.665418863632333,8.527638108947302,388.9319108147337,151268.03125,269.9375,0.5734274568622845,10.05323098326957,11.276314740302249,462.5911759244886,213990.59604320113,320.4474699619794,0.6807256411511966,9.62805525664542,9.758986249997816,372.5024758161313,138758.0944891475,305.55262129415394,0.6490845568559811,15.309514919613076,18.111360239599524,682.4038598291439,465675.0279097139,524.6251709856296,1.1144597456975436,15.238284545649726,15.756976544478224,604.2807304378414,365155.2011784911,483.7584228515625,1.0276466298735119,14.630345281674526,15.894550771848115,579.807159667703,336176.3424019292,516.4730529785156,1.0971422248015563,10.21712645595924,10.274006604447944,405.8692434672922,164729.84279271215,328.4157409667969,0.6976526163876198,12.318335210434173,14.09694019142725,557.1766639957405,310445.83490142226,417.0960693359375,0.8860359835390107
quarterly,T74,13.82964852450047,12.695033412369966,1162.624960853671,1351696.7995999998,995.3199999999999,2.060093476441375,11.105828470659729,10.453722122400306,1004.0165955857249,1008049.324211549,833.883482804516,1.7259553942830417,6.985433891314233,6.598240345274177,732.4079329747321,536421.3802843197,544.9139505276061,1.1278520221675636,13.981644037465276,12.663444297930193,1292.0341766894885,1669352.3137336844,1032.5531032020745,2.137157810539215,33.60405160853014,27.725632034943242,2512.344108355065,6311872.9187864065,2191.43994140625,4.53579866505655,18.253589899395262,16.64183245789742,1338.755446107445,1792266.1444823444,1274.4325561523438,2.6377950760498634,6.555126921751459,6.368258116170772,590.530508858305,348726.28189244866,502.52069091796875,1.040107299297633,34.09283036990029,28.88860192084205,2302.149441307453,5299892.050112218,2206.7203979492188,4.567425849119179
quarterly,T97,5.629131354788654,5.443615007702274,512.7151066869396,262876.78062499984,462.07499999999993,0.588237166226409,2.891426111908078,2.8438970679833484,302.98985289258235,91802.8509558687,243.66819197335406,0.31019788291060635,3.6797504822136435,3.5945908185270103,355.76463460389823,126568.47523484522,304.6420278407147,0.38781964653030104,14.720216965315675,13.665636577290044,1188.5087031045418,1412552.9373552399,1153.2210623809242,1.468089573700295,17.533668842580333,15.87316434433666,1479.3810963023852,2188568.428096847,1345.5615722656248,1.7129455743173354,10.774825236225727,10.181773201858512,890.3689168051836,792756.808012836,855.5200683593749,1.0891060989266732,4.201044988973746,4.066912001627104,459.3594096587324,211011.0672420191,347.5686035156249,0.4424666350728811,9.250988078763442,8.657178698461541,882.7432421003101,779235.6314737666,727.0883666992187,0.9256081814063444
quarterly,T121,19.01726817963973,16.951599466781943,1168.523510674903,1365447.1950000003,1005.5000000000001,2.8967369660817335,15.570370691244781,14.225283944256079,946.5503241201242,895957.516091912,838.8705379094546,2.416695471824152,10.74683572767356,9.989229714070664,732.0187460246567,535851.4445315109,599.8583249612433,1.7281270853576352,10.585351373393737,9.831899594836006,727.5722712432566,529361.409882071,591.9710845702004,1.705404797141716,60.353077551655666,45.70924018482652,2734.383837122813,7476854.968718478,2623.4403686523438,7.557848527286259,20.27305604573159,18.2495647959762,1129.540944197249,1275862.744618013,1054.1383056640625,3.0368586746691744,20.057015868338752,17.961783299177807,1166.8435131091005,1361523.7840847876,1054.55078125,3.038046972309544,37.105794865467615,30.77731622715416,1825.2432806957427,3331513.0337249576,1737.0216674804688,5.004171929463556
quarterly,T141,3.108508331378336,3.0471450283375354,248.83379995490964,61918.25999999999,186.04999999999995,0.63732122976792,3.009361528107256,3.0610984913331385,216.3781821576612,46819.51771385402,179.94280694113866,0.6164008116507279,1.9959111117876258,1.9960737621001552,146.00923193234854,21318.695809474346,120.78073591937346,0.413738925817842,2.686266361464601,2.717673280976468,188.26357127362408,35443.17226869894,160.5698517866656,0.5500380295852212,13.623825540259807,12.574916874483568,849.558204682422,721749.1431432201,763.6835693359376,2.6160266141506825,5.4691247129841,5.238243722576968,397.7148755164342,158177.12220705271,310.3612060546875,1.0631539130074084,3.080058852564461,3.039810092922503,209.7548917938966,43997.114631469274,182.6570800781251,0.6256986557441987,8.78418660248925,8.221791121694636,605.9447592157442,367169.0512210262,488.90360107421884,1.674757561271625
quarterly,T170,5.055287982383591,4.981646360033853,244.78712946149764,59920.738750000004,212.16250000000002,0.6057458957887225,11.271600006791282,11.507872113373294,527.7868484083904,278558.9573528612,476.74806255124486,1.361165060817259,3.532562050779985,3.590695552884976,214.89511951610766,46179.9123918422,151.2337967357825,0.4317881420008067,11.587053202612315,11.88800388025329,532.0529117880093,283080.30094209913,489.72233246584415,1.3982079442279636,23.03667150885422,19.93015123095381,992.7886827541716,985629.3686047632,842.0535583496093,2.404150059527793,6.442513576627923,6.129918073138274,362.2764485980615,131244.22520882392,267.52653198242183,0.7638159371375357,11.716802954297796,12.614350962602977,581.571036828132,338224.8708773485,510.89154663085935,1.4586482416298627,14.053911709089634,12.622897165731006,668.5521584746941,446961.9886011726,512.6782104492188,1.4637493517465208
quarterly,T236,5.53585904176654,5.561470649825405,466.0835493771476,217233.875,410.625,1.0364216808196616,1.5146915516149657,1.5324725081348296,141.80831675303037,20109.598700327795,113.78102905688877,0.28718447581255746,1.5421268180743508,1.5598098475344346,141.3959273779047,19992.808279057706,115.80896451254785,0.29230300555026945,8.97311019778586,9.411234567955665,712.1467728085015,507153.0260215634,696.5493319041515,1.7580976057130302,10.843943371711696,9.888043461403468,985.067468508068,970357.9175128937,737.9798583984375,1.862668676413673,8.672772241670296,9.15257045088462,804.4568722897612,647150.8593742251,676.96728515625,1.708672320344752,4.87494616037821,5.028160049093438,421.12740821810075,177348.29395249486,374.27789306640625,0.9446812128475527,5.909120200887234,6.1615684191622515,542.0397951548604,293807.139531523,456.18194580078125,1.1514078758634507
quarterly,T239,3.609678525192149,3.499660292804486,258.519825158536,66832.5,194.25,0.789183891660727,2.4066299544887584,2.3901996024933045,159.51914493799006,25446.357601747484,131.44587514320767,0.5340281456281424,2.074526412915715,2.0634177546831767,135.6090373889919,18389.811021569003,113.34621518381277,0.4604942455792821,2.2403304887700823,2.2389850768663586,146.16281677209528,21363.5690067531,122.44686199586022,0.4974676503039225,10.147352718608053,9.549684933475017,585.7721403676619,343129.0004309118,524.7481079101562,2.131906069200207,1.885694258507315,1.9010759833168518,137.14340872262954,18808.31455606222,103.6705322265625,0.42118462843293386,8.43833865315724,7.993698842992913,504.867239804731,254890.92982804775,439.073486328125,1.7838338361156896,15.512317971479689,14.32027331094528,815.1656269458585,664494.9993540347,783.2935180664062,3.1823043855869675
quarterly,T246,21.366797736215165,18.99865135898322,1350.061445360914,1822665.90625,1240.3125,2.6117818722819868,14.36369525203845,13.15077537911096,1010.1911616777153,1020486.1831317719,871.3793992036295,1.834902831923413,16.153854323292002,14.66232175057392,1109.8077933552984,1231673.3381921565,969.270061342248,2.041035606397043,9.577972362379542,9.154009845417594,699.1232459439462,488773.3130191995,593.879099708612,1.2505579577292814,25.694035570936997,22.135697058101535,1647.9650120401438,2715788.6809084713,1458.9467163085938,3.072169784856732,21.926817435913264,20.127251901117027,1341.9147963292137,1800735.3206072748,1286.5347290039062,2.7091141009008783,58.58325364117722,44.46080720091548,2991.4181368252644,8948582.469327137,2861.3544311523438,6.025282848844487,30.511928610242773,26.386933394910695,1673.1282037701374,2799357.986251086,1657.8663940429688,3.4910439059728344
quarterly,T268,11.791034429716191,11.248387290145768,289.0231392120707,83534.375,248.125,0.3058237469186524,40.766886336850554,33.12671536038159,789.0230337353497,622557.3477649349,735.9980423454807,0.9071463134907322,24.870272678198006,21.097878008473646,564.745789264394,318937.80649186333,467.2360956898136,0.575886724350633,95.10288184812475,63.458119779758405,1435.0082446856075,2059248.6623156685,1396.4760404227827,1.7212112248431997,49.87239675216797,69.91247747275133,1601.8928953532907,2566060.848183349,1492.0279541015625,1.8389826878819586,27.344109429232056,32.58634636834111,743.0043640496253,552055.4849967882,691.5395812988281,0.8523495250190979,9.74162331806089,10.404110222097561,254.58736215629395,64814.72496969998,222.7017822265625,0.2744886387344649,27.67618984730663,33.79274810468504,877.821491540445,770570.5710102916,717.4035034179688,0.8842278185102326
quarterly,T273,18.43035787148361,16.279883259369477,1076.4568035922296,1158759.25,894.25,0.9435134467741211,7.950557541845732,7.612845617152727,510.1220621691536,260224.5183117098,424.5514947804227,0.4479396635989733,8.059112980097938,7.570022931217305,546.9278146321683,299130.0344183194,425.99947658135386,0.44946741344505975,13.41583367339822,12.293913941551516,821.6815936334041,675160.6413159306,689.6119763643549,0.7276020942200125,28.21854068881111,24.293793701027322,1447.1519419842903,2094248.7431889027,1328.0401000976562,1.401200662339825,26.159307688208965,22.793156681368785,1321.0936278218196,1745288.3734714165,1231.3152160644531,1.2991472894318075,19.577972636421855,17.61421581960438,1039.2071486456932,1079951.497796312,957.5302734375,1.0102797748745678,28.267337670742993,23.16205878456185,1547.6980696319656,2395369.314742513,1245.3954772949219,1.3140032198819496
quarterly,T301,2.5727711564472093,2.6118130848139924,160.34883847412178,25711.75,148.75,0.9858338165852043,2.2745685352890628,2.308999254602791,150.4850225655101,22645.742016542084,131.3829493019058,0.8707344829883575,1.6022578192425907,1.5818200816822878,114.23735482218937,13050.173236770795,90.02038395579643,0.5966059743570306,4.166120707072734,4.258836620065508,247.93945965297456,61473.975653009,242.57459176499492,1.6076520040758508,10.894711968124959,10.215053123237356,641.2922632961138,411255.7669634521,582.3739624023438,3.859656780066896,1.0622144451750544,1.0679453013873803,71.40683540150187,5098.93614205718,60.78765869140625,0.4028674256741364,1.4497721624454285,1.4625843816363413,91.47200966491775,8367.128552138805,83.2401123046875,0.5516700343281419,4.83667245733705,4.7112598807719595,281.6511437940859,79327.36680051684,268.67633056640625,1.7806400832832823
quarterly,T328,4.2275770605124965,4.09807850116324,298.6074450679353,89166.40625,240.9375,1.462665047806951,1.415506737971124,1.4361177201216617,125.63872030662806,15785.088040287113,82.60899603316022,0.5014964093680997,1.3688452176919594,1.3837948991161455,118.22987855363502,13978.304182807286,79.90930184536887,0.4851073112482554,1.4144573149030255,1.4098040857099094,108.20364056111264,11708.02783067846,82.65328460120895,0.5017652730381481,13.269568383864256,12.364158450327889,760.8151908998458,578839.7547039688,722.5148315429688,4.386188080394407,5.338229712378932,5.1842033333559066,319.591148399213,102138.50213512778,301.93707275390625,1.8329766140774397,1.8770796970651433,1.8838357707379343,117.08660428463173,13709.272902905941,109.21142578125,0.6629924163378358,10.141652206030994,9.602660407242993,588.409614150482,346225.874024719,559.4443969726562,3.3962324903484977
quarterly,T343,10.01673368565073,9.545407660143907,824.357837198143,679565.84375,464.1875,0.43323805634953044,7.680048065213245,7.1390008842097386,650.9148699333854,423690.1679003959,361.8049790548123,0.33768183310254896,14.733773097424976,15.441306297861622,766.5893355011743,587659.209304132,688.0005713282958,0.6421285155021136,26.694014307626578,31.56103894082302,1413.8641982460583,1999011.9710819693,1328.8651839318359,1.2402638361377456,24.189282086009012,26.45345636660286,1256.0393527762956,1577634.8557226956,1177.1185913085938,1.0986348632641603,33.12686659570772,41.16841790646279,1946.1646716397129,3787556.9291385114,1765.9494018554688,1.648205706684215,28.941949474714935,35.47126755409787,1776.880306315667,3157303.6229724586,1527.0989379882812,1.4252804647851893,32.61324531717481,41.09936117007372,1975.7917817132923,3903753.164685786,1744.64013671875,1.6283172249606253
quarterly,T347,7.11421457284882,7.415196909423508,381.6330043379372,145643.75,348.875,1.5072635956148404,3.1523199453056967,3.2112461916708654,169.0017610125134,28561.5952253307,150.6468741259324,0.6508478657490194,14.581778682626759,13.07373564951882,804.966680036376,647971.3559687855,636.9428697217284,2.7518188463432667,13.366437746793114,14.35684951116372,687.7318769579174,472975.13458406006,679.2673923581661,2.9346757784011066,3.712088266897612,3.723438423713663,208.31261878084618,43394.14714333415,177.76910400390625,0.7680255073884809,10.097091784468052,10.712171434151369,535.0297524365968,286256.8359923661,503.70867919921875,2.176199942535913,4.6706758975407325,4.722344653523831,241.46261698242157,58304.19539999962,224.203857421875,0.9686400925500891,8.359537853085538,8.812673616106242,459.22048259991044,210883.45163929462,413.3297119140625,1.785730785393152
quarterly,T354,13.17632207480311,12.258297702522675,980.6436183700988,961661.90625,923.1875,2.951956513050082,1.50472238581989,1.517133107557032,135.3158035688044,18310.36669547126,114.47748063575875,0.3660497402318518,8.342401666131186,8.849766501800927,794.5783851264179,631354.810110106,672.7248217087308,2.151084605168011,3.2276885179770414,3.1738736854275915,282.94477256922085,80057.74432424812,238.28138653355325,0.7619213766611079,36.302014155135566,30.63785578480278,2331.994840530297,5438199.936259925,2313.2957763671875,7.396924821510652,7.610255319386453,7.583706323547869,675.5571223140088,456377.4255091846,573.0853881835938,1.832480556964207,3.8945886385711503,4.056426097971678,445.5250288812332,198492.55135962367,308.44171142578125,0.9862639159863503,12.823027444309998,11.96305014208003,972.7641112851343,946270.0162043571,899.8438720703125,2.877313632264479
quarterly,T422,5.260892764157045,5.097264355306759,379.54907456085306,144057.5,342.25,0.9597588334268087,1.8329182434764841,1.863344944983309,166.25647878233534,27641.216737101116,123.94701182436268,0.34757995463926716,2.8179611495924046,2.76507616655377,218.059528411795,47549.957931174424,186.17627101857556,0.5220871312915747,1.425491051722543,1.4122876603083085,119.22724944919139,14215.13701121971,94.89307170320728,0.2661050804913272,30.868701683738088,26.41448269689507,1832.9920013594115,3359859.6770475805,1757.6192016601562,4.928825579529322,6.983236140053319,6.727576177971146,471.47368337071384,222287.43411114812,450.08258056640625,1.262149693119479,4.2347759006367545,4.107890672770292,338.11498543501233,114321.7433757186,277.2742919921875,0.7775498934161175,14.417987699283973,13.247792345029591,981.6732486870102,963682.3671877086,886.6869506835938,2.486502946392579
quarterly,T474,2.211425781891916,2.2573733008040144,151.84140574955174,23055.8125,112.25,1.0246462802373346,6.506407371949607,6.7421627548560705,349.9008543788856,122430.6078950741,338.3652158299484,3.0886829377448506,5.892504755909061,6.088263311437907,318.1990924840874,101250.66245769677,305.41576899101483,2.7879120857235495,3.398155149666619,3.473803894871258,195.6983637779477,38297.84958536595,173.40221125237247,1.5828590712220216,1.334309931580898,1.339545949854635,79.3224498038518,6292.051042884588,67.28057861328125,0.614154072234425,2.614040070648248,2.654419584395554,143.14191218762326,20489.607024729252,133.0382080078125,1.214406280308649,4.8105387987266255,4.936019954517867,254.08245780211706,64557.8953627646,247.82965087890625,2.262251491363818,2.32041179552818,2.358581996451627,143.5518685915544,20607.13897612691,117.72430419921875,1.074617108162654
quarterly,T497,1.3625935291058935,1.3693895746500027,137.30695539556635,18853.200000000048,102.50000000000023,0.2859773450142297,5.075459895479466,5.224610654073898,417.56918484598526,174364.02413294063,392.7602116853749,1.095809976244001,1.288051775587411,1.2774198944870176,130.54996880966942,17043.294356205657,96.55084268477594,0.26937905999881684,4.963319740964697,5.095570060763641,391.121478343942,152976.01082195068,382.3551355945269,1.0667795759012524,23.097635829183872,20.335635927188342,1645.26271459543,2706889.4000379234,1529.5206787109375,4.267397686264543,2.7805300844484853,2.7403577193955546,263.58063135989426,69474.74922808047,207.29927978515616,0.5783697332323982,5.316173037928008,5.121530344918525,463.77891508254794,215090.88207514523,386.4596923828126,1.0782313832453896,4.00440842375401,3.8976951465665435,342.7915134712364,117506.02170790083,293.3561889648438,0.8184704786698392
quarterly,T501,0.9997194249867912,0.9909861204415498,110.0560766155144,12112.339999999975,81.64999999999986,0.3184353184353179,2.266447861889424,2.294815912247267,196.7517419956859,38711.24797833695,187.9513146898796,0.7330108603013908,1.5428957005579198,1.5551509584136136,128.426009931897,16493.24002702771,127.0543161931082,0.49551232866545075,3.6191245611675167,3.6881504621870405,307.4013342217514,94495.58028131293,301.7645176843421,1.17688279585173,13.276852257029454,12.366281748751614,1061.6739756840718,1127151.630644823,1010.4630981445312,3.9408100235736954,0.8757913690139969,0.8688857405338781,99.15076594334604,9830.87438715219,70.5286865234375,0.2750621525035588,3.593067139000603,3.6660834625156875,317.2145609425565,100625.07767397887,300.3882812500001,1.171515468390469,2.107476622834755,2.0701208587510367,219.07256655256253,47992.78941592694,168.2959228515624,0.656354755475849
quarterly,T510,1.8899923899722775,1.868154736106867,127.27332792066058,16198.5,114.0,1.8362416107382549,1.4486428365420758,1.4363821050035017,118.69351574893142,14088.15068084183,88.86003474536903,1.4313025730797697,2.743870126315596,2.703169499756918,172.7965873681385,29858.660606074714,164.56245686773923,2.6506704461917727,2.365999503460739,2.3257898519590663,190.18985796012495,36172.18207089251,143.98291297681453,2.3191878600292273,3.232334813186536,3.188277134905814,227.89326073191742,51935.33828702569,195.56988525390625,3.1501189571098993,0.8166882473603518,0.8091372987537421,77.5693821837329,6017.009052366018,49.69207763671875,0.800409304215604,3.486920946980006,3.4234815616224616,215.60252596559752,46484.44920274615,208.48065185546875,3.358077613779362,,,,,,
quarterly,T528,2.754878965859666,2.69235464488202,170.06469357276953,28922.0,130.5,0.9787499999999999,3.298541998575513,3.3509321863975177,182.96866368163415,33477.53188944295,156.95762335154973,1.177182175136623,1.649727496185219,1.6528039059223434,95.88918816329158,9194.736406615137,79.32498970154109,0.5949374227615581,3.3619986091982614,3.4222030691899734,193.98896044725277,37631.7167754058,159.8832992900409,1.1991247446753066,8.80842297182819,8.309596693427823,476.3958784000659,226953.0329565704,404.45977783203125,3.033448333740234,3.4516852813534253,3.406959338832523,185.1572700999524,34283.21467086673,161.06793212890625,1.2080094909667969,1.6612562059171574,1.665736699278066,91.05736405338959,8291.443548351526,80.54705810546875,0.6041029357910156,,,,,,
quarterly,T543,1.8899923899722775,1.868154736106867,127.27332792066058,16198.5,114.0,1.8362416107382549,1.4486428365420758,1.4363821050035017,118.69351574893142,14088.15068084183,88.86003474536903,1.4313025730797697,2.743870126315596,2.703169499756918,172.7965873681385,29858.660606074714,164.56245686773923,2.6506704461917727,2.365999503460739,2.3257898519590663,190.18985796012495,36172.18207089251,143.98291297681453,2.3191878600292273,2.816064816128542,2.767186362020665,240.09720727178328,57646.66893970966,170.361083984375,2.744071151426174,2.4981958880666597,2.453873880885831,182.99601559864595,33487.54172497988,150.9061279296875,2.430702731753356,2.437983316592297,2.4010403512267064,166.4859788037816,27717.581138253212,147.2044677734375,2.3710786755453017,,,,,,
quarterly,T581,4.116837343192621,4.107388241285613,266.11786004982827,70818.7154375,223.69375000000002,0.8169111168933139,8.737452141096345,9.307488834059757,588.5208637332867,346356.80704937375,499.64583161283656,1.8246653487365243,12.334697371715974,13.476138813916899,845.5702499117675,714989.047535849,723.8590442164575,2.643473500194766,13.021320298878289,14.278628700436219,889.6727841250794,791517.66281287,767.3182177476662,2.8021828158937514,32.94687081119434,26.70035448388176,1669.9522902791923,2788740.6518087196,1450.1171057128909,5.295708013540911,6.967603760710869,6.719310105118313,447.3767301926292,200145.93871784856,370.6619677734376,1.3536269211083116,13.821965807576806,15.265251652453479,956.8454561032822,915553.2268654981,820.0352685546874,2.994701135489562,6.866760371913575,6.616542007675334,468.94452532663416,219908.96783382221,363.64178466796886,1.3279897916780792
quarterly,T588,1.6790015927921416,1.6563269778818908,144.94408421870844,21008.78755000005,110.37250000000017,0.6876394190442624,0.30466568021856655,0.30531022399866686,26.225123152418615,687.7570843595228,20.084141143819465,0.12512761012153356,3.44584324170241,3.3662488329790854,263.03021488980386,69184.89394497639,223.78575816019884,1.3942232778242651,0.833761855372497,0.8341485131919868,62.02437753064237,3847.0234080636537,55.01579865440601,0.34275776869212715,10.258054726842875,9.635955261109594,716.3729208879723,513190.16178156505,638.4377319335938,3.9775754928333806,1.4106988462137853,1.401055543387154,119.79399064726451,14350.600195196897,92.97867431640634,0.5792729311235972,4.603127656931305,4.462637900059267,347.6688306181403,120873.61578338513,296.5113159179689,1.8473158532957175,4.4506932262729695,4.307699039274115,350.45479941200136,122818.56643090612,286.2757446289063,1.7835465059057687
quarterly,T626,1.91808316572536,1.88913412820547,54.534713715210756,2974.034999999996,42.07499999999993,0.051578989446753994,36.15015135432075,28.850786597359434,750.9430895703664,563915.5237734873,642.4761929452841,0.7876000659706606,3.2394616888698526,3.312540470578963,95.57832956870884,9135.217083144722,71.90698936499041,0.08814949127996906,145.92402610709053,83.53140178844691,1885.2715307083972,3554248.7444995833,1855.1823028301608,2.2742347812116885,12.662652087022835,14.125588857302995,416.1625302201371,173191.25155922654,314.79814453125005,0.38590541116185645,5.471021078221673,5.279503332598862,145.11704778321675,21058.95755731641,116.90766601562495,0.14331501536933022,8.744030771524269,9.263291883560667,229.04968277179808,52463.757177861335,203.29757080078127,0.24921885344941738,9.160796265943848,9.510742686356496,230.24130628813717,53011.0591212678,210.64501953125,0.25822595934435294
quarterly,T665,19.216592521179138,22.297662591720567,1266.4073200643227,1603787.5003125,1014.3687499999999,1.1366809482204667,23.237359607454668,20.214901401725587,1280.5782956713397,1639880.7713445132,1096.526518759412,1.228745269501191,21.344188692923606,19.03029392875015,1167.396061794998,1362813.565094471,1019.5868172011578,1.1425282079808747,18.56143056961298,21.8005326879578,1204.2834311363154,1450298.5825094562,988.8701818353985,1.1081077724009207,23.096841102300555,27.03821440217663,1387.5480950927279,1925289.7161954578,1276.788732910156,1.4307434329000424,30.98802984560219,37.40835654751007,1852.6059900035236,3432148.9541969355,1809.771398925781,2.0279929461482697,14.718646211655134,14.656229782559752,766.0467268245802,586827.5876786531,729.5714233398437,0.8175428681891957,28.568456849075176,34.16407844547836,1718.3979297721269,2952891.4450451313,1648.4487670898436,1.8472180926990733
quarterly,T672,43.48452104445414,56.515132731595386,2942.534699126333,8658510.4555625,2877.5012500000003,2.4757131249842046,18.43330813635124,21.001490865544305,1148.9959731589215,1320191.7463354173,1014.8381669124543,0.8731353877118468,39.472290836783685,29.56296079546781,1740.6376791473813,3029819.530067582,1412.4157327378261,1.2151988352648737,62.14367023389911,93.31542986206426,4785.306896665036,22899162.095269963,4673.806461749215,4.021198601039188,17.509451695434784,20.037660842496994,1201.9818819813754,1444760.4446114888,1005.554208984375,0.8651477573000974,36.83643774775881,46.183266184172375,2415.304492114451,5833695.789628247,2322.5794775390623,1.9982755859315136,31.144995825598393,37.88558661576133,1970.9532583616558,3884656.7466464275,1876.786142578125,1.6147287810801614,26.315921666526286,29.25878359237145,1659.9344040009992,2755382.225586152,1502.8290112304687,1.2929876251870631
quarterly,T704,3.6293340554787874,3.557940069285978,214.781866087433,46131.25,203.75,0.978,1.5492443198077892,1.5638115713177327,98.82706015919203,9766.78781970856,89.7489937245208,0.43079516987769984,1.2971641795379418,1.3084620836098788,87.07964181932769,7582.864019382403,75.20349304924048,0.3609767666363543,2.086009552917366,2.111356152264385,130.42082552577514,17009.59173082468,121.073873493061,0.5811545927666928,16.776592056965058,15.383832194533575,910.3045806080473,828654.4294759929,877.9318237304688,4.21407275390625,3.0471720897860965,3.101782103009202,192.037208973479,36878.28963032365,177.87677001953125,0.85380849609375,1.7596363472365844,1.7810416631925305,120.15075105490614,14436.202979058027,102.42303466796875,0.49163056640624997,2.141946941498846,2.107449743622369,146.8555267254725,21566.54572981596,119.414306640625,0.573188671875
quarterly,T708,5.619210689380654,5.853068120531573,310.0746394821738,96146.28205000004,261.995,1.5150656492787393,3.4745645089542823,3.5655123899876027,195.30249656892966,38143.06516605678,159.02853310041473,0.9196307859143317,3.6452246323253106,3.756540686576139,212.32981575385188,45083.950658064685,167.02661639289443,0.9658821313846887,3.278309064140203,3.3621760784645556,184.2726850918827,33956.42247097217,149.89404800799093,0.8668078519370419,11.358496521184252,12.162405847458716,587.7505576383276,345450.71800416504,548.5506176757812,3.17216052875517,11.335832378031382,12.19082595039525,606.3210772283699,367625.2486913708,548.3827709960937,3.1711899043587506,8.998828242352943,9.742006791101536,561.8766104383965,315705.3253577415,432.5517773437499,2.501362008389401,5.3819652823483635,5.6875835913583295,358.41657731394224,128462.44289344114,252.3777075195311,1.4594507349627213
monthly,T44,37.18377429770512,45.838811905300425,2148.739940833542,4617083.333333333,1736.111111111111,0.7560952912711707,28.350972906865792,36.45020586898515,1598.8900936487462,2556449.531568096,1280.2192829804812,0.5575494364739114,26.519171417334924,34.6590521899141,1632.5066025524525,2665077.807377351,1243.8333668465361,0.5417029738360124,29.06321854571761,35.050771027616754,1593.601804820332,2539566.71232662,1309.0530893122927,0.5701068730673302,45.95227120649683,65.14697400605944,2640.321787912714,6971299.143726591,2372.2142876519097,1.0331251504011667,33.78168113281795,42.81164184855783,2014.3638102585744,4057661.5600794423,1599.3009440104167,0.696512973940885,43.3619184181975,67.85444015591246,2831.21277023498,8015765.750341628,2348.9263780381943,1.022983012210939,36.00997195199198,47.438999842774734,2245.378084308749,5041722.741494026,1855.7752549913193,0.8082103288069398
monthly,T50,33.602387213417025,41.31208482897129,1307.1172692438715,1708555.5555555555,1076.6666666666667,0.6446116057721831,22.008732990366422,27.825422496580508,875.4004985268047,766326.0328209782,654.0212057197659,0.391569343307812,38.49827382989221,39.499090395784606,1374.6258142936515,1889596.1293224846,1102.982427556365,0.660367127336479,24.849147606141596,25.101881158625066,873.7207937018933,763388.0253470663,721.1609941131918,0.4317666375562555,50.24792427273772,81.33183506594743,2259.7324791394926,5106390.877277917,1965.518093532986,1.176776261095893,28.38220788808023,37.040020053896114,1077.3099158420875,1160596.6547716856,901.4715169270834,0.5397204353723711,27.248668817028275,35.546088135450574,995.8021609532304,991621.9437591234,854.7733832465278,0.5117617738196897,34.932851473767585,43.755875871268856,1412.0261253799235,1993817.7787554397,1137.4793565538193,0.681020799901734
monthly,T112,14.843416987899168,15.832254731051018,1228.481447424692,1509166.6666666667,1044.4444444444443,0.9629629629629629,20.055375516925324,22.98060009778061,1606.6669290229715,2581378.620816106,1456.1891584104171,1.3425857488890371,14.933078699242152,16.805990624479524,1271.8440259871372,1617587.22643917,1052.778057768845,0.9706464362407792,17.687683579106576,19.987023024388893,1406.7224073970337,1978867.931472906,1261.1198551239804,1.1627346181994147,12.72927644385485,13.941459397381806,1105.9397324912225,1223102.6919027567,881.3933648003472,0.8126321803123769,12.439478046093146,13.581915673127124,1056.8617790496166,1116956.8200159206,867.675048828125,0.7999840875720302,30.782589077385897,37.526290467806,2577.9747689252094,6645953.9092149865,2423.7803005642363,2.2346910572578067,12.617906550692803,14.106577276233455,1187.661470189033,1410539.7677715751,920.8876681857639,0.8490453678308463
monthly,T128,25.088687118766234,29.115510060836968,1257.7537296483936,1581944.4444444445,1050.0,1.199121522693997,17.006069241037288,18.830477981366947,784.5826582514835,615569.9476289642,675.1616811887691,0.7710484792492531,21.353786141989694,25.346567211156774,1064.1296743075054,1132371.9637417977,882.570589832117,1.0079137043470736,19.69954811951443,22.53049979692744,899.4375240355812,808987.8596432566,794.5698078203937,0.9074150074669212,23.04150032785726,28.32281494355265,1212.8383659301235,1470976.901872052,973.5075954861111,1.1117656288128355,18.53754748266125,21.5908476729976,908.176095172877,824783.8198434545,746.6238742404514,0.8526597685322871,18.13007023112439,20.795389525204968,879.6715548410272,773822.0443964303,732.2919514973959,0.8362924189867771,18.76706026118852,22.759156728915094,1088.8991897336864,1185701.4454026786,800.5420600043403,0.9142354418790417
monthly,T161,12.386610091977738,11.76861419102461,1087.6835732673155,1183055.5555555555,833.3333333333334,0.6385068762278979,18.890753830536045,21.483128619582452,1585.390092018059,2513461.74386903,1399.2799757182643,1.0721398635169412,21.1952891630104,24.221021491278385,1718.7850711098563,2954222.1206701137,1593.8566262121317,1.2212260986694132,20.73205415090542,23.933820855176233,1746.1442685701152,3049019.806660263,1550.4227069487579,1.1879466713359834,38.53140785333714,30.57079400905407,2574.7570225139743,6629373.724985027,2193.299112955729,1.6805238782961383,15.725741388977395,14.363477004963718,1442.9664485554179,2082152.1716566351,1042.6883138020833,0.7989163897501228,31.53173816386633,39.29167377014729,2811.243743133329,7903091.383306291,2543.1115451388887,1.9485530503028814,36.72732806586159,28.76870751474695,2405.5017079060517,5786438.466738933,2018.428738064236,1.546536754116016
monthly,T306,45.95534676082564,46.82179914537545,1278.0736372456097,1633472.2222222222,1047.2222222222222,0.7452433901655547,44.88346095262061,42.460199911265505,1244.9405274681212,1549876.9169326038,1066.3363430404902,0.7588457296655824,77.94987571618735,52.540290445887685,1790.3003984836228,3205175.516810619,1521.2085694023197,1.0825502050602127,103.4884862582966,64.88301670302246,2161.488134560592,4672030.955846228,1889.1698978557106,1.3444055611130334,44.1353150334328,61.93821143013536,1360.9719202285864,1852244.5676506858,1200.8847791883682,0.8545955433808996,38.797064773798304,36.40113011380249,1182.5907316282742,1398520.838533097,942.6443142361111,0.6708217506795157,30.159879894917918,38.33232525641959,942.3369358331313,887998.900635375,752.3642578125,0.5354111842105264,81.17830699644414,51.75460725363439,1934.7966034313238,3743437.896649387,1510.758083767361,1.0751132397454906
monthly,T335,33.977328570921756,41.42317019309266,741.297661012243,549522.2222222222,592.2222222222222,0.5333333333333332,52.39323247490357,90.33801365780145,1137.962685096209,1294959.0726713736,986.1607617245386,0.8880997478945187,93.76666249083398,61.976500488658246,1012.5731577047857,1025304.3997042407,868.8159312166816,0.7824233526904449,35.81089638883184,40.22350662060701,666.6447482398272,444415.22035574255,555.364397702701,0.5001405457735394,57.03536388095287,106.90949588308854,1386.0925048726165,1921252.432064044,1161.7482164171006,1.046227286829659,40.18888825026443,57.80972801946474,802.4072534813619,643857.4004395024,653.1993408203125,0.5882470611515009,40.32803076594247,64.18247299364721,824.455909506102,679727.5467195337,670.7936401367188,0.6040918335189962,61.015765965910276,88.5060284635886,1444.3131683280085,2086040.5282056902,1128.0789455837673,1.0159059922705596
monthly,T344,51.01042641488114,66.58975508715707,1783.9858619270376,3182605.5555555555,1500.5555555555557,0.9406028947654805,44.554777669644835,63.49144454928211,1384.833392683132,1917763.5254902733,1214.722797205104,0.7614325075526607,56.02271510307282,86.27253798975164,1834.5177485680074,3365455.3698110306,1694.9515225897374,1.0624573696938608,60.094031103016235,99.34100106533408,2013.062784918689,4052421.7760245875,1865.8612315331823,1.1695898023322593,47.39614780445993,66.66761163117131,1474.8522426355053,2175189.1376069793,1343.1237046983506,0.8419188746395145,39.635930085317064,57.13844238565302,1509.6201126222782,2278952.8844337,1083.0698784722222,0.6789076613342039,41.89024532300702,41.071623438393765,1354.178568040952,1833799.5941414435,1003.8209906684028,0.6292315710360213,59.18821219906103,99.74658928432802,2200.2571371612457,4841131.469629001,1914.2457478841145,1.1999189800644792
monthly,T394,32.077309139784624,29.043444057570454,1435.7170101845743,2061283.3333333333,1235.0,1.0809628008752736,49.235576502149044,72.15716765784758,2613.3195851419173,6829439.254086322,2435.1217064754114,2.1313975549018918,20.177560769782175,23.070181414016748,965.7595051390573,932691.4217664368,816.6199367593379,0.7147658089797267,26.762285122944828,31.351240394804456,1397.980214742082,1954348.6808103174,1110.2631010889984,0.9717838959203486,40.98478424427168,33.713192553342076,1898.552279839252,3604500.759282821,1503.5761176215278,1.316040365533066,34.48094316238032,29.731736079812794,1606.6218343593002,2581233.7186400425,1285.9620496961807,1.125568533650924,29.663882595171604,32.77774968567345,1641.9269492283968,2695924.10660247,1243.4518500434028,1.088360481438427,36.953926683550435,31.77345471519535,2111.3287284066005,4457708.999395033,1412.248786078559,1.236103970309461
monthly,T431,21.11867041440644,22.89649271121276,2037.1112444395917,4149822.222222222,1615.5555555555557,1.0721231393151758,54.77818828590372,83.01500266996901,5615.624348617404,31535236.824784644,5299.589922206663,3.516940636885384,24.61575655328101,31.24656427453656,2283.7822536046333,5215661.381879457,1852.2309795008805,1.2291868798014969,26.748580793154602,34.34060292701823,2484.8231975301737,6174346.322984076,2040.367529987542,1.35403900787228,19.21909824664412,19.86522155314863,1671.4645816093637,2793793.847574565,1364.8392740885417,0.9057415340280659,22.658184951315175,22.189647358806027,1764.4758054640834,3113374.8680681256,1590.866726345486,1.0557390137506337,44.13852134539833,62.71060366421295,4291.183280453599,18414253.94644451,3914.375542534722,2.597677672358173,30.342806616834817,28.882580888287947,2312.783595885984,5348967.961399304,2029.5679524739583,1.3468721376849162
monthly,T494,3.2165428177639637,3.174986441263578,243.96037929685767,59516.666666666664,207.22222222222223,1.086629868138608,9.27751566000021,9.743288957509595,669.1938931967097,447820.46669176937,608.7384688816061,3.192096846941265,2.752658937007677,2.7280986966161036,219.63821008155762,48240.943327830435,180.18273994017787,0.9448404946265078,5.316059005847499,5.213209986221419,479.0914313958668,229528.59963694055,344.7978374476036,1.8080475376737266,2.7773875847532463,2.7004931727846246,276.2750603542303,76327.90897373359,182.99102105034723,0.9595665317267519,2.5161153648414465,2.4606086156128764,228.50669963265608,52215.3117770089,163.94672309027777,0.8597022277963048,2.437303812513778,2.4321086426385587,181.83117061497828,33062.57460721334,158.26047092013889,0.8298847141166437,4.495845718102113,4.520854689753653,350.9042077507255,123133.76301716434,288.5849338107639,1.5132788617491761
monthly,T582,28.184684258408865,24.28767457738399,1989.2943263043471,3957291.9166666665,1853.6666666666667,1.5292895886177862,5.960179530445627,6.123333352300412,561.3863501275849,315154.63410957134,449.04636280812815,0.37046678337483663,4.700180738663374,4.6011966945253775,430.58624708426254,185404.51617810957,356.58979951050264,0.29418939100811836,28.638906137339088,24.746871525452274,2048.2603242481746,4195370.3558892375,1926.2563789237902,1.589176672521174,11.563021991691933,10.716322912743102,986.6611238108459,973500.1732396814,834.9251844618055,0.6888198481598042,7.457492233259287,7.252382825304229,681.5597938527892,464523.7525966565,554.4810384114584,0.45745122053333326,15.732187242202414,17.602480709551728,1512.957142465481,2289039.3149373136,1293.859402126736,1.0674441896103135,9.614583221974387,10.009908268890564,959.4276656834895,920501.4456788698,759.3207465277778,0.6264455918466547
monthly,T616,6.037727454242785,5.793688927198081,631.6446346201672,398974.94444444444,516.9444444444445,1.8256967894503136,3.037135701706793,3.0798456475575544,313.9113115322302,98540.31150788488,270.65417338001146,0.9558714881291647,3.3376913031159834,3.322450538861135,381.4380181212274,145494.9616682498,294.20301356588453,1.0390391135571373,2.971644644333068,2.901871063351711,337.21446317174184,113713.59417220605,261.07791650211374,0.9220509458546103,5.836440476299097,5.645362859462462,543.4796926223369,295370.1762928698,502.2431640625,1.7737761610683418,5.681995039840023,5.484230429623112,552.2853544116016,305019.11269754835,487.80126953125,1.7227716077500077,2.216375311547554,2.22544842747861,233.4635433058447,54505.22605292002,196.82454427083334,0.6951268021585242,4.672293845193398,4.563338163929993,449.1094847934791,201699.32933146425,405.0532497829861,1.430529770911751
monthly,T621,13.860728779468173,12.730823988709494,1018.2364929403952,1036805.5555555555,736.1111111111111,0.9595959595959597,8.703515736497081,8.712236360547625,630.1894572634062,397138.75204594654,498.2643406970144,0.6495384201196072,8.930213645490783,8.733019337628546,616.3786575594081,379922.649494738,508.3013215539514,0.662622649024019,8.476132385377255,8.559196735240027,607.9401092041293,369591.1763791286,485.8080347498601,0.6333003540478451,11.869688043314957,11.497886307090004,874.3117810021317,764421.0903991195,664.3970540364584,0.8661093671830332,10.700252185605816,10.391996638401945,807.6706585284354,652331.8926477565,599.6784125434028,0.781742012921074,11.389404155940472,12.140418397295443,768.9616237766089,591301.978841159,665.1419542100695,0.8670804205825949,19.572976192115703,18.351086322322374,1260.944683004911,1589981.4935983552,1070.1659071180557,1.3950704792619595
monthly,T662,5.194874277719327,5.002815621125517,463.30551475241475,214652.0,377.77777777777777,1.0373466390184898,3.330404237583895,3.3617077399586726,284.43369271096435,80902.5255491953,248.09236305014332,0.6812411796429383,1.9404494560751016,1.9422035526455008,173.990746203889,30272.779764586114,145.00324540139295,0.39816695981622774,3.406511567804716,3.333565737150924,324.5121075045567,105308.10791704897,252.7232578748992,0.6939572351249905,8.42342759995923,8.003659144953527,679.1804638840968,461286.1025218169,603.5513780381945,1.6573023356900267,8.712230367101219,8.31499870976167,655.0236115729908,429055.9317181243,622.9571668836805,1.7105890323157054,3.1464056478857567,3.1834932953311563,273.4520356485642,74776.01580034362,234.28537326388889,0.6433283237465846,13.085661132004148,12.185921839995348,976.0575387079784,952688.3188686768,914.7057562934028,2.5117066111283664
monthly,T782,14.36750225726854,13.210054948745634,767.9418742471479,589734.7222222222,687.5,1.5135478408128704,8.633610613919805,8.18808817863844,506.6167923950121,256660.5743366108,431.62520660524007,0.950233308360393,3.481244740481041,3.4321467479830607,206.24087010754488,42535.296502717196,177.92025658941097,0.3916957384694907,14.239314111875572,13.056419336409677,791.5258872173259,626513.2301351749,689.208708648482,1.517309604137217,22.22307295690441,19.4055663672486,1177.4425072186687,1386370.8578053846,1021.8041178385416,2.2495264236919628,15.217827315771974,13.932245147451757,791.9786194237643,627230.1336243716,714.6629909939236,1.5733478209857759,27.539829003696916,23.528432977546945,1386.3479305972326,1921960.5846712291,1234.9366997612847,2.718742946129839,9.031099753138955,8.64916605024248,532.0507494619101,283078.00000298023,443.86542426215277,0.9771804429141382
monthly,T791,34.78367380681572,28.26969218301103,1660.4540460033481,2757107.638888889,1286.9444444444443,1.6914754317048082,58.934407606946536,44.20835395886003,2286.719995134621,5229088.336148482,1972.879499748639,2.5930235123548506,33.7526720378647,27.817793208651036,1628.8538324630092,2653164.807529433,1289.4364863906687,1.6947508083110112,19.55440565663414,18.880432555988875,1162.8990763746735,1352334.2618330687,817.9676673102472,1.075083092480689,33.88804126458063,28.994587891234968,1682.7009362497774,2831482.4408558775,1297.5215521918403,1.7053772889065293,32.29443974372972,27.626213638402852,1569.142696099154,2462208.8007213217,1226.947991265191,1.6126200258011418,43.453589609390086,34.29701005248013,1825.9218548292804,3333990.6199431997,1526.8771430121528,2.006827245562717,50.380781704472334,37.86439156337946,2076.7487021914444,4312885.172053848,1663.082004123264,2.185845988168708
monthly,T795,9.428009897787753,9.084563751576972,252.50610553674406,63759.333333333336,182.77777777777777,0.29586382598279315,20.790414556068164,20.514312514417576,467.789531668475,218827.04593861118,382.7034016816703,0.6194850053152087,16.760049784734633,15.120997385450197,305.11594356634964,93095.73901838384,250.24000561939476,0.4050654646131235,32.8725500653383,26.79992773314564,708.0804786203043,501377.9642031593,546.3684265278293,0.8844108678531913,12.342997893670365,12.049490203684961,269.4744082827558,72616.45671934138,219.2275594075521,0.35486537409404006,11.46510582413832,10.891007149583315,222.60062315589587,49551.03742939317,189.44278293185764,0.30665252222943745,14.42027946007596,13.304895504973135,298.3544669115445,89015.38792607188,245.60093858506946,0.3975561703299045,20.792173258651133,21.70085605357214,448.75876592530574,201384.42999480333,360.8517659505208,0.5841135907482774
monthly,T798,12.40971103446215,11.408198088919502,975.4429193391528,951488.8888888889,807.7777777777778,1.7130686967554831,10.346673755676333,9.778044926298051,821.0059149093844,674050.7123161954,694.7911549487303,1.473455956661255,11.133217193741443,10.347534441724699,899.0023883101761,808205.2941874006,734.0869479553144,1.5567912436246472,15.587096774731549,14.130856131521824,1189.2312304182763,1414270.9194021674,1013.4419033909625,2.149224264940051,12.85624581616518,11.87683335052441,1007.8735257912458,1015809.043990877,846.9125434027778,1.796062490087457,11.428236690322306,10.683863558249676,917.3216605438292,841479.0289028883,756.627197265625,1.6045927511342781,14.480586515476304,13.293994468781072,1098.4739402123319,1206644.9973256057,944.0241427951389,2.002008785699316,13.335578736945056,12.561374760568473,1014.9957826485788,1030216.438794401,880.2820638020834,1.8668298253551523
monthly,T810,6.7595469371883725,6.495945053772595,447.4022028456176,200168.73111111112,405.788888888889,1.4456517601993826,1.0350575015456533,1.0249536161982087,129.0364077611746,16650.394527908116,63.864910153326946,0.2275232819482469,1.06884258786067,1.0602685455127665,126.62701303603222,16034.400430427473,65.96702271262176,0.2350122073591984,2.3866493769676467,2.343079117243762,187.8741160420925,35296.68347859764,147.36213747223434,0.5249880892668082,9.228592280207913,8.641976294480468,659.7833445430333,435314.0617363909,542.6163736979167,1.9331094005488876,5.207744757455626,5.0545441350587526,343.05751861130943,117688.46107574891,315.5894531250001,1.1243098589016323,2.628844944484537,2.579047752205357,202.3394190048779,40941.240483231544,162.34903971354163,0.578379993772637,3.8073476629200713,3.7234622868536316,287.97926236948484,82932.0555548726,232.2052029079861,0.8272475405389949
monthly,T855,8.247810671839554,7.876508337862082,228.01973598791838,51993.0,199.0,0.2200040395020782,19.049160375374623,17.032733914705492,482.79050128096685,233086.66812712725,430.9464861387434,0.4764319987927131,10.926115706458265,10.231763353002162,292.4826987892998,85546.12909107227,259.6895994848934,0.28709930102187614,13.948405798691295,12.767967091890556,376.0847368663873,141439.72930385976,324.8802566337911,0.35917069755731595,26.2638602872039,30.95051967716731,806.5224187150044,650478.4118899008,754.1651068793403,0.8337656782159368,27.12649175331482,31.767174191608206,801.4252489388703,642282.4296367301,776.6594780815972,0.8586342838971214,22.86120817631906,20.312481460856702,539.0848221492951,290612.4454717371,510.38518608940973,0.5642552896567339,29.8886895309309,36.68691419385857,996.9768208663685,993962.7813448111,894.1274142795139,0.9885007184474434
monthly,T895,3.2445944519139536,3.1672676483314692,206.55238775886588,42663.88888888889,167.77777777777777,1.241030504188399,3.5772185438982556,3.5070651134394697,196.28600180079894,38528.194502943246,184.94631060909634,1.3680239191569006,2.753435222166177,2.706080958168181,161.8521753236406,26196.1266569945,143.0116166715268,1.0578384163469978,3.388707561206092,3.318911037035519,196.43288304794405,38585.87754252726,175.5088515953198,1.2982162564660926,5.815665547143841,5.6290134826344165,317.5714875467281,100851.6497026417,296.72105577256946,2.194807240422989,3.279496980131616,3.2091414380338183,197.18055662638568,38880.171911491285,169.78762478298611,1.2558970823208078,7.2097414217605875,6.941230829003047,379.824498093049,144266.64935163656,365.6890462239583,2.704954538214201,4.151424042689729,4.050794569566219,233.52693590246975,54534.82979199621,213.32307942708334,1.5779232048660505
monthly,T919,5.481170284015327,5.31875423782566,239.0969997488235,57167.3752888889,225.8422222222222,1.3939724308680344,0.2508984241950575,0.25112884914481987,13.487132584718731,181.90274535778178,10.609246005111395,0.06548375364846601,0.2689931687127597,0.2693036645621817,14.012367791921962,196.34645113609199,11.372210836295986,0.0701930233763679,2.542775443063142,2.507151461344553,113.0713160010274,12785.122502204194,106.59266164910693,0.6579249451658953,10.164391248527904,9.551085120157918,457.2570699353011,209084.02800581686,406.6831825086805,2.5101822809596497,4.283056866287415,4.1743491215577775,196.27885402715597,38525.38853821361,177.7065250651041,1.0968630856030415,2.605863502273835,2.5658971172785137,119.54152990006236,14290.177370847501,109.14583550347223,0.6736839734342954,6.477186423303601,6.207179535656674,302.56955619852846,91548.33633817449,261.7663715277777,1.615708088804737
monthly,T938,5.332593908613083,5.161303713599579,399.4688501275439,159575.3622222221,356.4999999999999,1.7370689655172409,4.290544507818891,4.207584359893469,349.8098725540537,122366.94693628329,292.43648136223715,1.424915388946433,2.485377250474662,2.445443062646527,197.45703669658164,38989.28134099519,169.8669221526203,0.8276874017931274,3.529614629598238,3.548617640479886,297.4844983014813,88497.02672968403,240.89094512909298,1.173756479264696,7.339607109041296,6.968766015220379,594.0930285801778,352946.52660756797,488.17344292534716,2.3786562061579883,3.5370371931895446,3.441802843208471,297.7257986462204,88640.65117952978,237.50737847222211,1.1572698351345156,5.598024618938038,5.40350611404961,451.72779900317107,204058.0043922493,378.40850151909723,1.84381953513803,3.2979789780879716,3.2358392275901835,272.04181172483743,74006.7473265319,224.115017361111,1.092014702284274
monthly,T1078,70.25698542633583,99.50288768155286,4281.209428031601,18328754.166666668,3290.277777777778,0.5849238290412583,171.3392043435567,116.22049859626622,6731.97925645055,45319544.7092805,5910.072838695049,1.0506536737019914,121.52945884716344,83.81093293206037,5641.237665748208,31823562.401456296,4477.435886232237,0.7959689484425596,107.1809292568749,76.65323478659724,4978.678538214736,24787239.986880027,3985.423690257907,0.7085022732736705,86.51720608618602,266.97777545811414,8296.345101314264,68829342.04010119,7194.731391059027,1.2790317773789537,59.447769574048756,107.67868666205611,4360.761364628705,19016239.679238413,3600.267333984375,0.6400317227892521,183.14075258704574,163.0047347197769,8643.850282050329,74716147.69850154,7639.042561848958,1.3580184796748846,63.90674364077361,163.6992995621391,5142.0252060203,26440423.219348114,4131.266710069444,0.7344292810671341
monthly,T1125,4.562407082932754,4.754236329096186,330.14247136652983,108994.05139999995,246.47,0.48537102209803024,3.687132192760963,3.7424813755601125,220.8384404745336,48769.616791224114,195.61357396687288,0.3852199469815788,11.131189103417391,10.450971517854052,595.7801573663245,354953.9959114424,551.3412095232867,1.0857509895365842,10.017069073761652,9.438040793598768,550.8772534563924,303465.74837565835,498.0287332685435,0.98076323812529,8.184498270404648,7.716693889071507,519.4010922529886,269777.49463359755,407.7249142795138,0.8029287880012959,4.234993918551601,4.32075824970201,295.2451289706334,87169.68618088594,227.27237196180553,0.44756531615914824,11.271558795725596,10.55685668007219,609.5251727852328,371520.9362588679,556.7175607638889,1.0963385867971396,10.194155215979956,9.567191381694725,588.4371946062241,346258.3319960433,502.5458506944444,0.989658754423202
monthly,T1202,33.10994762900332,29.261646923012595,4831.131992952928,23339836.333333332,3641.8888888888887,2.371522521853538,25.0414756844536,27.57516856034797,3721.9715664206874,13853072.341244064,3092.1103455881994,2.0135181353256453,31.94560483006157,40.53783230685066,4880.616653600479,23820418.919402342,4148.193375211894,2.701217504007928,27.729125548919303,32.678265911131966,4229.73978353538,17890698.636421926,3488.7608848814584,2.2718087410904757,25.7576525776819,29.39727952342459,4411.745873645276,19463501.653626125,3400.858940972222,2.2145688180572773,36.685254101816035,38.016942593112205,5138.696525712593,26406201.983370677,4386.295464409723,2.8562646469220834,24.733921467953735,25.9016203552755,3700.5484907789623,13694059.132606454,3039.9329969618057,1.9795413279124328,37.71241418602977,32.74293693288808,5266.237359808941,27733255.929847438,4191.446533203125,2.7293830635422798
monthly,T1217,5.360447211779553,5.187666287576762,807.1062369835695,651420.4777777778,649.588888888889,0.5336401687594844,7.504284324693142,7.907452653936548,1127.9885755351986,1272358.2265379264,971.2877226357666,0.7979171951477502,6.184252400661383,6.4529816783882,944.7658622867868,892582.534542496,790.8661803465882,0.6497000936518651,10.115778065150598,10.857892423483765,1553.0802852902832,2412058.372557347,1337.7310732415997,1.098952041652854,7.931752452760294,7.399548771284667,1247.326823050231,1555824.2035005826,922.6990017361113,0.7580013442700504,9.273910207376682,9.252488332127989,1292.0814982459724,1669474.598109557,1149.939615885417,0.9446805220667422,12.171536586005145,13.153026048736379,1798.125890051989,3233256.7164752577,1624.7149522569443,1.3347105779340918,9.876695535613221,9.639645279759762,1397.3556333333945,1952602.766008572,1194.0150173611112,0.9808886609126247
monthly,T1397,14.815661498760605,16.01484321290905,1127.553891296455,1271377.7777777778,931.1111111111111,1.4843800322061191,47.60833043506118,79.55181503063167,4634.815481499804,21481514.547550265,3820.731055257132,6.091020522873689,6.921771576451959,6.988924522921419,648.8439677939067,420998.4945425402,490.0637152131965,0.7812609952674147,35.15945947664902,38.40300972202076,2689.774801187475,7234888.481103121,2406.4256084361114,3.83633068011554,19.33798856615023,20.95601772747913,1538.41289149316,2366714.2247123453,1300.7413194444443,2.0736455817230275,10.217718014643587,10.733160465135903,875.9250334791183,767244.6642753945,672.3709581163195,1.0718957303303644,10.948094708492311,12.013565567994936,845.0899682117432,714177.0543721252,697.4815538194445,1.1119271147846217,13.647229073630276,13.991738687658609,977.0986813387923,954721.8330740067,804.891845703125,1.2831609134397646
monthly,T1415,20.08096077876508,22.767889768770385,343.46518827321574,117968.33555555553,321.19999999999993,0.4529903652005213,26.82118518490772,22.55591850174708,358.65223798827,128631.42781399463,313.2882556103784,0.44183238269607605,26.07781798142435,21.898671838227344,354.9124086508895,125962.817814376,303.81515623608414,0.42847241150945586,12.201678658742614,11.38698941146144,170.1559418127621,28953.044534188084,161.2650290171399,0.22743307717480352,67.50797667646337,108.64347248525421,1642.625102886157,2698217.228631758,1539.156667751736,2.170682257240587,22.89746154879405,25.98003829410479,379.180175214261,143777.60527551765,373.4743557400173,0.5267132154411578,5.586457586749492,5.662382662803765,97.8204120945913,9568.833022355664,83.5265150282118,0.11779796558703769,25.809459863668376,30.568869848187585,502.76113117493213,252768.75502029734,449.64675292968747,0.6341396227299121
