model,series_id,category,strategy,sMAPE,MAPE,RMSE,MSE,MAE,MASE
dlinear,T63,quarterly,pretrain_finetune,7.421493313795728,7.845054151205141,579.4861541292794,335804.20282754296,489.2397583007812,1.6831300606850874
dlinear,T63,quarterly,from_scratch,17.83208101716859,16.177202628938023,1163.4079884304688,1353518.14754383,1078.9260864257812,3.7118261517170095
dlinear,T65,quarterly,pretrain_finetune,17.108650109432165,15.38363846490139,1795.8102182586829,3224934.3400022984,1567.39794921875,1.6578864619141958
dlinear,T65,quarterly,from_scratch,59.5672930245309,44.95201883855373,4689.114576583973,21987795.51233229,4519.886169433594,4.780826779460946
dlinear,T70,quarterly,pretrain_finetune,13.231628046771004,11.971633116432445,1093.2645089434463,1195227.286515355,826.0638427734375,1.3313947018670924
dlinear,T70,quarterly,from_scratch,81.62198518120015,53.49451124767848,4103.19219835633,16836186.21665225,3547.553009033203,5.7177097413703
dlinear,T96,quarterly,pretrain_finetune,6.483316984851461,6.294422594976318,425.3143503305097,180892.29659706357,369.9744873046875,1.193466088079637
dlinear,T96,quarterly,from_scratch,23.289551383374214,20.30707869894192,1415.4585467726367,2003522.8976317048,1210.04052734375,3.903356539818549
dlinear,T137,quarterly,pretrain_finetune,5.953539935536428,6.202860787803899,552.4797395191878,305233.8625791896,477.9919067382813,0.80838315429223
dlinear,T137,quarterly,from_scratch,8.621042075035989,9.194684301224148,845.0614630654526,714128.8763583233,705.6963134765625,1.1934783911999112
dlinear,T149,quarterly,pretrain_finetune,11.082581655476426,10.461586595914127,620.7220017069233,385295.8034030497,596.7879028320312,0.7401036973734111
dlinear,T149,quarterly,from_scratch,28.19606040984809,24.47069042722904,1428.3396087082544,2040154.0378048492,1382.4981994628906,1.714498608599563
dlinear,T278,quarterly,pretrain_finetune,18.98958900845377,17.672991225356448,1196.6588953861385,1431992.5119067729,1148.6453247070312,4.045543281987028
dlinear,T278,quarterly,from_scratch,32.264663491282654,27.58920360027434,1959.18548910949,3838407.780737192,1842.553771972656,6.489497561664701
dlinear,T304,quarterly,pretrain_finetune,6.493482998480152,6.254287346484599,412.63894606506585,170270.89980968833,379.7902221679688,2.839553062938084
dlinear,T304,quarterly,from_scratch,15.730217549679576,14.551404097978637,889.4907343311257,791193.7664609253,878.2120971679688,6.566071754526869
dlinear,T317,quarterly,pretrain_finetune,3.8720801103932474,3.765491066273209,263.645501197549,69508.95030170679,217.1849365234375,1.5300101199255902
dlinear,T317,quarterly,from_scratch,10.66274433724003,9.992349522295882,644.0031855214759,414740.1029618085,574.1543579101562,4.044764761607301
dlinear,T321,quarterly,pretrain_finetune,1.012951713386131,1.004009451969152,69.71936068615777,4860.789254486561,52.4287109375,1.4027748745819395
dlinear,T321,quarterly,from_scratch,1.0287459778984365,1.0235597706709498,64.02139378370215,4098.738862007856,53.26361083984375,1.425113333507525
dlinear,T336,quarterly,pretrain_finetune,10.973082083316466,11.941770699523095,643.4748142566042,414059.83658257127,542.6793823242188,2.379737835881829
dlinear,T336,quarterly,from_scratch,14.779060829895808,16.22215119709649,810.277637738492,656549.8502190709,751.6573486328125,3.29614039232368
dlinear,T374,quarterly,pretrain_finetune,3.39789821366098,3.304688878654785,269.00510165304075,72363.74471536279,202.97894287109372,0.7467952276346348
dlinear,T374,quarterly,from_scratch,12.89784756379736,11.596127284055669,910.1390105454386,828353.0185166299,700.6432495117188,2.577789733302865
dlinear,T382,quarterly,pretrain_finetune,10.888930508655928,10.158810868203128,1139.3466945625648,1298110.8904106424,990.8976074218748,1.6083715501805749
dlinear,T382,quarterly,from_scratch,40.28587319254753,32.7190298039781,3374.692352619453,11388548.47482822,3173.084313964844,5.150379311323219
dlinear,T389,quarterly,pretrain_finetune,8.853360462594338,8.401589338074803,501.99709727265673,252001.0856701732,454.991455078125,1.7935115253141167
dlinear,T389,quarterly,from_scratch,27.81982555305669,24.24332185685015,1337.9400291301522,1790083.5215487927,1303.8338623046875,5.139527419777039
dlinear,T412,quarterly,pretrain_finetune,6.394177295272217,6.514735390054407,486.7793032397623,236954.09006258845,463.3015747070313,0.6272699359694439
dlinear,T412,quarterly,from_scratch,42.57275779859106,31.60324659111076,2932.759249760153,8601076.817053735,2297.5523681640625,3.110685578342895
dlinear,T478,quarterly,pretrain_finetune,6.985020662516728,6.755936840513916,385.912937735415,148928.79551157833,331.4919067382812,0.5059400285993301
dlinear,T478,quarterly,from_scratch,14.340353720356864,13.0332096831994,767.0583233143857,588378.4713658766,647.9551025390624,0.988942464192708
dlinear,T485,quarterly,pretrain_finetune,16.487897195769946,15.01763310395859,752.0664209967738,565603.9015908965,666.9624450683594,1.569803575372136
dlinear,T485,quarterly,from_scratch,28.852546425014392,24.404303822928853,1197.4670629356638,1433927.3668157647,1057.0894714355468,2.488030389143848
dlinear,T512,quarterly,pretrain_finetune,8.67070186313065,8.24758399350293,495.5263996567396,245546.41275677085,454.61273193359375,1.4893127991272523
dlinear,T512,quarterly,from_scratch,23.677055760354943,21.0297202027474,1186.1984590304771,1407066.7842062786,1149.1099548339844,3.7644879765241095
dlinear,T532,quarterly,pretrain_finetune,7.181573676566395,7.056306509992671,304.2829640751719,92588.12222637236,260.62274169921875,0.9584654919983526
dlinear,T532,quarterly,from_scratch,23.31523086167225,19.672135965551757,971.6665967764676,944135.9752911628,781.1259155273438,2.872666560321215
dlinear,T544,quarterly,pretrain_finetune,4.293899575398086,4.172281795160943,231.20690406990843,53456.63248959184,197.02947998046875,1.7034248989665886
dlinear,T544,quarterly,from_scratch,8.290706962905134,7.805721669542928,454.9986857631473,207023.80404619128,366.4789733886719,3.168406109988517
dlinear,T564,quarterly,pretrain_finetune,26.35955311799949,31.0909489520985,1077.1135700612328,1160173.642810054,1004.142608642578,2.621354501269579
dlinear,T564,quarterly,from_scratch,23.690810425304427,28.089252737847183,1049.54342620432,1101541.403488703,909.7052917480468,2.374822102784916
dlinear,T584,quarterly,pretrain_finetune,9.92635533521826,9.427798971788976,862.1203583474729,743251.5122771751,837.2504418945311,1.7673811834313378
dlinear,T584,quarterly,from_scratch,46.53646764295409,37.24431320457344,3388.9140715929416,11484738.584640648,3304.5166772460934,6.975619603716498
dlinear,T587,quarterly,pretrain_finetune,13.365226499944862,12.289558566951357,942.7198621498504,888720.7384918332,819.1546630859375,2.261182332627984
dlinear,T587,quarterly,from_scratch,38.53684261545456,32.05642952816351,2137.4484875332014,4568686.03685797,2093.917510986328,5.780018713420821
dlinear,T621,quarterly,pretrain_finetune,3.6167410845432806,3.5386322412352,231.1708828686705,53439.97708628058,208.98734130859373,2.42884545429229
dlinear,T621,quarterly,from_scratch,8.476518939715847,8.074223345270946,515.2198715485863,265451.5160385418,475.7939208984375,5.529664594601715
dlinear,T626,quarterly,pretrain_finetune,23.73960675893448,27.621132430161037,669.9860667228261,448881.3296027231,611.7569213867188,0.7499418607768112
dlinear,T626,quarterly,from_scratch,19.5052900376252,22.337805737125755,604.6930254792952,365653.65506330354,497.3364288330079,0.6096758268393124
dlinear,T629,quarterly,pretrain_finetune,31.91516202326038,38.14725253033554,1220.867843595585,1490518.2915257344,1146.097998046875,1.0481360931890062
dlinear,T629,quarterly,from_scratch,43.49406898626443,57.872492119025466,1896.2011739784648,3595578.89219731,1716.498553466797,1.5697820699985947
dlinear,T696,quarterly,pretrain_finetune,27.51934166962978,32.62824114358745,704.582973345269,496437.1663280601,676.9037670898438,1.936651737104971
dlinear,T696,quarterly,from_scratch,24.584427946025087,29.06611027164946,650.3131254090442,422907.16107927926,595.1357006835938,1.7027096680185678
dlinear,T721,quarterly,pretrain_finetune,0.7668057385558874,0.7695055206009854,49.315399248761736,2432.00860306477,38.14665283203112,0.6584020489817045
dlinear,T721,quarterly,from_scratch,0.823759406267096,0.8183845757933598,51.73076683180129,2676.072237006192,40.876059570312464,0.7055109525309028
dlinear,T740,quarterly,pretrain_finetune,10.248616038124602,9.668532872314632,783.1227479985274,613281.238432765,719.166015625,0.7913793844566712
dlinear,T740,quarterly,from_scratch,27.26295080216402,23.22116790105688,1846.667335265422,3410180.247136295,1677.6990966796875,1.846161316841472
dlinear,T756,quarterly,pretrain_finetune,56.41524025809844,98.79547959894568,2324.8825120572324,5405078.694869548,1954.682556152344,1.2216765975952149
dlinear,T756,quarterly,from_scratch,52.86040603616584,83.20852659888021,1977.779625040982,3911612.245227248,1772.1182250976562,1.107573890686035
nbeats,T63,quarterly,pretrain_finetune,7.428863329728519,7.114251294031136,524.5605319878302,275163.7517193555,476.749755859375,1.6401607430642644
nbeats,T63,quarterly,from_scratch,14.032823133654254,14.296665948696193,1039.0085898905124,1079538.849866271,928.5218017578125,3.194390746099668
nbeats,T65,quarterly,pretrain_finetune,19.847633470724507,17.580521038942415,2039.2130535870435,4158389.877919793,1790.2730712890625,1.8936285386229337
nbeats,T65,quarterly,from_scratch,6.128027879288365,5.876868330797016,700.2756456353181,490385.97986996174,589.2989501953125,0.6233201670552303
nbeats,T70,quarterly,pretrain_finetune,34.28320538878131,28.458827928744107,2100.9594973115177,4414030.809343465,1866.860748291016,3.0088818571859384
nbeats,T70,quarterly,from_scratch,35.783231391824785,30.27941273196968,1975.7803520554728,3903707.999568448,1932.5343017578125,3.1147301180720643
nbeats,T96,quarterly,pretrain_finetune,7.179779320233032,6.891794645431254,429.5220257321615,184489.1705890596,397.62994384765625,1.282677238218246
nbeats,T96,quarterly,from_scratch,6.610937333730452,6.316554902271516,404.4458240646613,163576.424603343,339.025146484375,1.0936295047883065
nbeats,T137,quarterly,pretrain_finetune,10.253448387476874,10.903285390279876,913.5686202216884,834607.6238537598,849.740869140625,1.4370875206115823
nbeats,T137,quarterly,from_scratch,9.07345380572152,9.667130302759071,861.6528949206576,742445.7113251498,743.8420410156251,1.2579907043083494
nbeats,T149,quarterly,pretrain_finetune,14.21795550449254,13.143650704676224,809.634693668178,655508.3371911645,752.2694091796875,0.9329233526898418
nbeats,T149,quarterly,from_scratch,12.44373701893167,11.62040396555845,693.6153809054155,481102.2966285646,654.7149047851562,0.8119415950918759
nbeats,T278,quarterly,pretrain_finetune,18.56281765104252,17.078961503127676,1179.5239727019125,1391276.802178502,1127.4163818359375,3.970774678164308
nbeats,T278,quarterly,from_scratch,17.56261314089455,16.246170115896952,1091.7240511173825,1191861.4037881494,1065.718505859375,3.753473982900944
nbeats,T304,quarterly,pretrain_finetune,12.606410610918406,11.842207534404272,725.6854336034999,526619.3485442996,716.6463623046875,5.358103643399533
nbeats,T304,quarterly,from_scratch,1.9721742398900624,1.9462557044874589,140.3840452754993,19707.68016791344,116.944091796875,0.8743483498831776
nbeats,T317,quarterly,pretrain_finetune,2.3223575829862697,2.283457696323005,160.20742094671368,25666.417726397514,131.6826171875,0.927669018580486
nbeats,T317,quarterly,from_scratch,1.9569461767730043,1.9776602924859907,117.98253504389798,13919.878575384617,112.6737060546875,0.7937562948551428
nbeats,T321,quarterly,pretrain_finetune,1.0325299138009236,1.0236335143477016,71.36017509986668,5092.274590283632,53.43206787109375,1.429620545045987
nbeats,T321,quarterly,from_scratch,1.0654075627821922,1.0572087490655198,74.52437776315705,5553.882880985737,55.1058349609375,1.4744036109949832
nbeats,T336,quarterly,pretrain_finetune,13.201280172128437,14.52090546930424,760.9693509593897,579074.3530995548,663.7592163085938,2.9106927080954232
nbeats,T336,quarterly,from_scratch,10.420467506275347,11.248636978665877,595.9532606415719,355160.28886932135,514.02783203125,2.254096102457519
nbeats,T374,quarterly,pretrain_finetune,3.003482272092913,3.059313015699209,210.03628405861105,44115.24062114954,185.5595703125,0.6827062925404709
nbeats,T374,quarterly,from_scratch,8.672748954295429,9.100598095177329,571.6171803831628,326746.20090919733,549.68603515625,2.0223915936580203
nbeats,T382,quarterly,pretrain_finetune,10.045177706503797,9.296474979857882,1147.766906722126,1317368.8721664771,908.6293579101562,1.4748381648875464
nbeats,T382,quarterly,from_scratch,11.266073509417982,11.973020783267769,1191.928577996805,1420693.7350454857,1160.5412353515626,1.883727936943312
nbeats,T389,quarterly,pretrain_finetune,4.341153099937774,4.243197853510664,235.983098153178,55688.022613972425,228.71063232421875,0.9015447443181818
nbeats,T389,quarterly,from_scratch,1.650984363906162,1.6696079969283684,122.37620156565718,14975.934709638355,90.55096435546876,0.3569390070676275
nbeats,T412,quarterly,pretrain_finetune,10.070473972191897,9.179967476296495,914.561549207198,836422.82728827,652.260986328125,0.8831045035582521
nbeats,T412,quarterly,from_scratch,9.55168212246888,10.258138205517906,885.5946951168406,784277.9640190899,729.3423461914062,0.9874659439363744
nbeats,T478,quarterly,pretrain_finetune,18.54907320853955,16.67395765099145,896.568023393551,803834.2205718191,813.9255310058593,1.2422550839527764
nbeats,T478,quarterly,from_scratch,12.76138134029491,11.7504604541612,663.1477186144707,439764.89670357725,574.032403564453,0.8761178320580782
nbeats,T485,quarterly,pretrain_finetune,18.478257138245837,16.49322230376883,845.331917446915,714586.0506544779,736.2133605957032,1.7327967627643823
nbeats,T485,quarterly,from_scratch,16.956108247031914,14.643153349309964,914.7391988967114,836747.8019981973,659.4740112304688,1.552178339799159
nbeats,T512,quarterly,pretrain_finetune,11.043862203059824,10.376194218845516,611.081919622404,373421.1124894023,566.0714111328125,1.8544517973228911
nbeats,T512,quarterly,from_scratch,13.85857891074919,12.90508416945343,716.6525158319726,513590.8284482956,697.5499267578125,2.285175845234439
nbeats,T532,quarterly,pretrain_finetune,13.51555790264406,12.628086272990352,598.5993880065083,358321.2273217663,479.9297180175781,1.7649882366567382
nbeats,T532,quarterly,from_scratch,14.964255704068169,13.8929060390938,582.2065248347304,338964.43756013364,525.6076965332031,1.9329734472566464
nbeats,T544,quarterly,pretrain_finetune,3.016566133972326,2.964496444810609,145.3869964201641,21137.378728076816,135.4459228515625,1.1710022148550072
nbeats,T544,quarterly,from_scratch,4.985251456789511,4.857365039336205,229.7219061818256,52772.15417981148,223.3515625,1.9309933357348703
nbeats,T564,quarterly,pretrain_finetune,21.184751978374948,24.1999253796517,844.538466534483,713245.221456416,780.8846130371094,2.0385305610366697
nbeats,T564,quarterly,from_scratch,18.529179177494036,20.663443972741405,703.3476622713307,494697.9340225458,669.0537109375,1.7465915116658508
nbeats,T584,quarterly,pretrain_finetune,30.51771162854731,26.235861160321207,2406.4581803201004,5791040.973629529,2332.9442285156247,4.924693407319403
nbeats,T584,quarterly,from_scratch,11.385756805373084,12.436904684958147,1320.7522642549543,1744386.5435345892,1088.2424169921876,2.2972089049624125
nbeats,T587,quarterly,pretrain_finetune,12.277463751636835,11.33762527402547,882.6160686550153,779011.1246480346,755.6082763671875,2.0857698331013728
nbeats,T587,quarterly,from_scratch,4.341004860164026,4.233007435201007,306.7481790212049,94094.44533282518,280.4744873046875,0.7742175977575028
nbeats,T621,quarterly,pretrain_finetune,3.5722345662371167,3.4875386209835364,240.63622892766932,57905.79467252969,206.18039550781248,2.396223203078493
nbeats,T621,quarterly,from_scratch,1.0003823552251416,0.9927385928567054,73.06570108141428,5338.596674518583,58.74106445312498,0.6826871258512737
nbeats,T626,quarterly,pretrain_finetune,13.030410496042604,14.294513220106724,369.11366590570486,136244.89835834832,315.9322448730469,0.3872956844728749
nbeats,T626,quarterly,from_scratch,5.3616791103536094,5.1411909502095,145.78786422809424,21254.10135618924,114.0223510742187,0.1397779594236771
nbeats,T629,quarterly,pretrain_finetune,36.80563817096222,51.43015379971538,1609.2674378690715,2589741.686585686,1382.9508056640625,1.2647440768516498
nbeats,T629,quarterly,from_scratch,64.39641233361534,127.36744836560707,3960.200061852232,15683184.52989442,3478.931372070312,3.181572206747114
nbeats,T696,quarterly,pretrain_finetune,19.012675175642496,21.88831609564857,502.1355717036147,252140.132370116,438.8989758300781,1.2557094601633318
nbeats,T696,quarterly,from_scratch,30.250938215123245,37.07184421292813,816.7542105295665,667087.4404177754,758.2552990722656,2.169402082707637
nbeats,T721,quarterly,pretrain_finetune,1.0906382440672002,1.0844976490622045,59.35612700691302,3523.149813260789,54.056164550781205,0.9329963930791224
nbeats,T721,quarterly,from_scratch,1.255507277376554,1.2460625720310174,69.7807486339278,4869.352879911416,62.145825195312455,1.0726219892586557
nbeats,T740,quarterly,pretrain_finetune,15.06917721596228,13.648456993008676,1152.623330729907,1328540.5425429046,990.2472534179688,1.089680608988136
nbeats,T740,quarterly,from_scratch,6.8290827124746105,6.404020322327633,667.1565262735717,445097.8305494189,478.32080078125,0.5263502622077029
nbeats,T756,quarterly,pretrain_finetune,45.02338324061637,69.22565312063068,1647.6373104675745,2714708.7068448216,1368.3717041015625,0.8552323150634765
nbeats,T756,quarterly,from_scratch,28.94615289554568,36.84210766425012,987.4204076770476,974999.0614971071,811.6378784179688,0.5072736740112305
timesnet,T63,quarterly,pretrain_finetune,2.507343483539084,2.460245542339885,195.54658240763908,38238.465891307584,159.2126586914062,0.547738828127601
timesnet,T63,quarterly,from_scratch,24.366854018514843,29.19841371104665,2110.9140817769394,4455958.260644179,1829.9118041992188,6.295440045076301
timesnet,T65,quarterly,pretrain_finetune,4.127601088430459,4.033015182219217,464.7061646541226,215951.81946754456,409.792236328125,0.433450229499518
timesnet,T65,quarterly,from_scratch,4.517121846025346,4.383770053717184,519.2573398013709,269628.1849375963,444.9185791015625,0.4706044749607083
timesnet,T70,quarterly,pretrain_finetune,26.46032893636826,22.494002990287576,1810.2904029839533,3277151.343135804,1508.4147338867188,2.4311624367583504
timesnet,T70,quarterly,from_scratch,23.142881659048424,20.33196946726741,1391.072869605932,1935083.7285536823,1276.8908081054688,2.058007588210925
timesnet,T96,quarterly,pretrain_finetune,2.7371707918637487,2.682960358390719,207.95799653290908,43246.52832198143,156.281982421875,0.5041354271673387
timesnet,T96,quarterly,from_scratch,5.170141899666755,5.375138490564908,337.5852950332502,113963.83142268658,287.7017822265625,0.9280702652469758
timesnet,T137,quarterly,pretrain_finetune,5.438290458766729,5.636315672779489,495.8494926155788,245866.7193271269,434.88421630859386,0.7354791358924289
timesnet,T137,quarterly,from_scratch,6.25793357551516,6.352281300890014,577.9381726315486,334012.5313846937,503.0861450195315,0.8508227002560597
timesnet,T149,quarterly,pretrain_finetune,4.025489528189661,3.9190005249891793,265.0747925169722,70264.64562791586,226.0350341796875,0.2803162794326889
timesnet,T149,quarterly,from_scratch,7.643829261528035,7.215027850132784,523.6785246117424,274239.1971395314,414.6253051757813,0.5141956127611779
timesnet,T278,quarterly,pretrain_finetune,16.276196721642943,15.342012458422,1009.8448901239811,1019786.7021095156,992.31884765625,3.494959463443396
timesnet,T278,quarterly,from_scratch,9.195336642472451,9.149873520977463,613.1779032433174,375987.14102587104,565.9163208007812,1.9931644003046385
timesnet,T304,quarterly,pretrain_finetune,9.435085390449515,8.903509019231237,607.9723088156384,369630.328286618,540.9404907226562,4.04441488390771
timesnet,T304,quarterly,from_scratch,1.5432878732007858,1.5590512167550707,113.8060974970727,12951.827827513218,94.3958740234375,0.7057635441004673
timesnet,T317,quarterly,pretrain_finetune,1.3723572434814435,1.3829948072654248,84.86455072733057,7201.991970151663,78.74261474609375,0.5547207801767788
timesnet,T317,quarterly,from_scratch,0.965281285459132,0.9692886835095824,61.89582759959762,3831.093474239111,55.24468994140625,0.3891841489355847
timesnet,T321,quarterly,pretrain_finetune,1.370772935152311,1.3587703653673593,80.52785414192354,6484.735292702913,70.72528076171875,1.8923152043269231
timesnet,T321,quarterly,from_scratch,1.7625125281130658,1.741746575485656,105.82162402858611,11198.216112047434,90.71185302734376,2.4270729906981607
timesnet,T336,quarterly,pretrain_finetune,11.003727999069556,11.906966859168795,621.8761060960317,386729.8913331628,544.0999755859375,2.3859673696441623
timesnet,T336,quarterly,from_scratch,12.92351749249141,14.098949650422025,721.0912855922045,519972.6421570182,649.1942138671875,2.8468227905741825
timesnet,T374,quarterly,pretrain_finetune,8.593466496489995,8.06332465295659,608.0697598267785,369748.83281579614,491.54779052734375,1.8084907672087704
timesnet,T374,quarterly,from_scratch,8.239489348612693,8.668317364967379,571.6118924011174,326740.15553438663,522.893798828125,1.923818244400754
timesnet,T382,quarterly,pretrain_finetune,20.05989258595213,17.86633958336771,1922.523115061858,3696095.1279471503,1739.838952636719,2.824012745976373
timesnet,T382,quarterly,from_scratch,2.0408295928604274,2.0696585316659224,247.7507139237606,61380.41624973307,198.4971679687501,0.3221898966766086
timesnet,T389,quarterly,pretrain_finetune,0.6760736149655308,0.6736641090810949,43.804254323233685,1918.812696814537,36.42236328125,0.1435717695245134
timesnet,T389,quarterly,from_scratch,2.4450595499029006,2.483886011534429,152.5884155444096,23283.224558353424,134.3505859375,0.5295908782951466
timesnet,T412,quarterly,pretrain_finetune,10.6877477757352,9.730154376317849,992.9253951607184,985900.8403550684,700.7152709960938,0.9487073801734276
timesnet,T412,quarterly,from_scratch,9.489314371615144,10.090722514058928,781.3016625274021,610432.2878680825,700.2890625,0.9481303310316817
timesnet,T478,quarterly,pretrain_finetune,14.347561569055166,13.09439267658451,734.9181906392656,540104.7469324919,638.0584655761718,0.9738377069233388
timesnet,T478,quarterly,from_scratch,6.055960107208428,6.334325870826832,377.97782476228485,142867.23601202853,303.6503295898437,0.4634467789832779
timesnet,T485,quarterly,pretrain_finetune,16.625192352238706,14.895721769974145,794.6008561535735,631390.5205999921,667.7859313964844,1.57174178312539
timesnet,T485,quarterly,from_scratch,22.231811059064945,19.3190447954948,1018.163751586401,1036657.4250444944,863.2065551757813,2.031695707335847
timesnet,T512,quarterly,pretrain_finetune,6.883024214141295,6.593452413640081,406.9390750271061,165599.4107839167,360.4771118164063,1.180924199234746
timesnet,T512,quarterly,from_scratch,2.755948730710013,2.796174008010992,186.4410208980417,34760.25427350402,153.83184814453125,0.5039536384751229
timesnet,T532,quarterly,pretrain_finetune,8.233853097592522,8.288186157216492,392.6060611143248,154139.51922370493,317.61480712890625,1.1680593581204028
timesnet,T532,quarterly,from_scratch,9.967769914420286,10.790048936931148,520.7799807959392,271211.7883978188,389.3473510742188,1.43186276827785
timesnet,T544,quarterly,pretrain_finetune,3.780582175457163,3.691781494695202,185.2141689037027,34304.28836268932,165.36239624023438,1.429646077004908
timesnet,T544,quarterly,from_scratch,2.0902743159636668,2.0550802771748247,114.32328551655084,13069.8136112988,91.84735107421876,0.7940693176445425
timesnet,T564,quarterly,pretrain_finetune,18.84221529489669,21.28199910662712,754.0731971076535,568626.3865961581,685.4830932617188,1.7894810723099202
timesnet,T564,quarterly,from_scratch,11.92060863252791,12.838253311122156,450.9214354065606,203330.140909113,414.0084533691406,1.0807856508249714
timesnet,T584,quarterly,pretrain_finetune,25.778597682675496,22.687887134292893,2059.247950894494,4240502.123263172,2012.524611816406,4.24830845364288
timesnet,T584,quarterly,from_scratch,13.866610811209542,15.342350042010205,1578.3750095157363,2491267.670663801,1343.9797216796876,2.8370537083684058
timesnet,T587,quarterly,pretrain_finetune,9.235202819818886,8.72771146050311,657.1559751372089,431853.975658536,581.0045166015625,1.6037962149507887
timesnet,T587,quarterly,from_scratch,2.44172770189756,2.3932679860095214,209.7197326861803,43982.36627796292,160.38909912109375,0.4427356806008782
timesnet,T621,quarterly,pretrain_finetune,1.215054356420421,1.2054632770826028,81.7086011415186,6676.295500503776,71.22611083984373,0.8277880107811078
timesnet,T621,quarterly,from_scratch,2.022450905051242,1.9967626282529627,133.31745404927167,17773.543554179665,117.97543945312498,1.3711074940694263
timesnet,T626,quarterly,pretrain_finetune,6.698041156217677,7.004224539189065,174.49969005392896,30450.14182891727,153.57106933593752,0.1882600253025564
timesnet,T626,quarterly,from_scratch,7.085924810912633,7.449049509631502,190.5320239204226,36302.45213921249,163.27108154296877,0.2001510966575142
timesnet,T629,quarterly,pretrain_finetune,35.72864337467286,45.79816975834096,1412.260804307481,1994480.579383213,1310.6636108398438,1.198635578189435
timesnet,T629,quarterly,from_scratch,47.23698309924199,85.91100104799378,2988.8917577497177,8933473.939544197,2237.884008789062,2.046602477257258
timesnet,T696,quarterly,pretrain_finetune,32.292691606365295,39.21974735145557,843.5189929209723,711524.2914184113,822.915302734375,2.354397224560375
timesnet,T696,quarterly,from_scratch,22.22122138744747,25.73885070737447,566.6280966231487,321067.3998827724,526.3361096191406,1.5058709827798726
timesnet,T721,quarterly,pretrain_finetune,1.0335236390009517,1.0331336279238237,55.18407699957485,3045.282354295006,51.31620849609362,0.885705410867143
timesnet,T721,quarterly,from_scratch,0.8117306127963803,0.816865864311575,50.26754608351058,2526.8261892578603,40.42939697265638,0.6978016635719165
timesnet,T740,quarterly,pretrain_finetune,26.663148554723463,23.1760523904546,1779.2536383753768,3165743.509672016,1690.1173706054688,1.859826542619498
timesnet,T740,quarterly,from_scratch,4.136322437263362,4.2657198782394685,426.19431374293526,181641.5930668116,301.8062744140625,0.3321114436468363
timesnet,T756,quarterly,pretrain_finetune,40.79392362931809,54.51661528838508,1270.909342604874,1615210.557120353,1193.1010131835938,0.7456881332397461
timesnet,T756,quarterly,from_scratch,24.94650631010086,31.9220587824952,932.3832256572653,869338.4794870466,697.0466918945312,0.435654182434082
autoformer,T63,quarterly,pretrain_finetune,3.602169786417243,3.527226645775594,307.6888218285649,94672.41107825036,241.0039306640624,0.8291250937021408
autoformer,T63,quarterly,from_scratch,12.553598498416626,11.407842300839558,1011.4303157954572,1022991.2837100982,788.3265380859375,2.7120774045360942
autoformer,T65,quarterly,pretrain_finetune,23.66075270497536,20.95583642619967,2221.1458928966654,4933489.077531725,2120.942321777344,2.2433878795925226
autoformer,T65,quarterly,from_scratch,46.5656314401092,37.09157777476016,3892.1366663750423,15148727.829741033,3733.4476928710938,3.9489858905078448
autoformer,T70,quarterly,pretrain_finetune,27.49352746499997,22.8615274463212,1955.16982245175,3822689.034626007,1552.637939453125,2.5024384550779675
autoformer,T70,quarterly,from_scratch,22.47291460160549,18.67529629889897,1727.885921073136,2985589.7562427595,1240.1725158691406,1.9988274895142888
autoformer,T96,quarterly,pretrain_finetune,11.50433346263084,10.79307491171578,676.5712079019447,457748.5993618965,626.012451171875,2.0193950037802417
autoformer,T96,quarterly,from_scratch,12.734008254590115,11.949258619752648,696.3893344239982,484958.1050994992,680.1961669921875,2.194181183845766
autoformer,T137,quarterly,pretrain_finetune,7.973484418735939,8.451452863227596,769.8230213797887,592627.4842463066,648.8669677734375,1.097368216344985
autoformer,T137,quarterly,from_scratch,9.056357895711702,9.709007558578826,906.0360671230386,820901.3549277832,749.3437744140625,1.2672952731431075
autoformer,T149,quarterly,pretrain_finetune,20.513618338247657,18.13198033658292,1180.0491806105133,1392516.068659544,1041.2760009765625,1.2913335117080234
autoformer,T149,quarterly,from_scratch,9.315097442691767,8.596658804258265,660.2641624054928,435948.764157027,488.82525634765625,0.6062143315499324
autoformer,T278,quarterly,pretrain_finetune,20.970902401243418,19.152024344271148,1309.0817071534625,1713694.9160038233,1259.4852294921875,4.435922820852987
autoformer,T278,quarterly,from_scratch,25.647434727901487,22.313298197312488,1624.7566139034775,2639834.054423094,1502.2822265625,5.291056898584905
autoformer,T304,quarterly,pretrain_finetune,6.936312450843469,6.70071826281834,408.3592860024171,166757.30646440387,405.2776489257813,3.0301132629964957
autoformer,T304,quarterly,from_scratch,5.418450105448365,5.260643830146966,333.0559828001695,110926.2876789868,317.38824462890625,2.3729962215245326
autoformer,T317,quarterly,pretrain_finetune,3.660047315952839,3.5807763568411,227.0267959858801,51541.16609561443,205.771728515625,1.4496071047243748
autoformer,T317,quarterly,from_scratch,2.03301274265654,2.0493481782388363,139.14148449618915,19360.35270780325,116.9627685546875,0.8239715995398909
autoformer,T321,quarterly,pretrain_finetune,0.9784031658661564,0.9710471797397476,63.73434837660592,4062.06716299057,50.646728515625,1.3550964151337792
autoformer,T321,quarterly,from_scratch,0.97299705889311,0.9673395300356226,62.21868995465304,3871.1653796732426,50.38800048828125,1.3481739261078596
autoformer,T336,quarterly,pretrain_finetune,12.913874906635725,14.184587786527764,744.8707866938836,554832.4888699651,647.696044921875,2.8402530747533348
autoformer,T336,quarterly,from_scratch,12.842275171259557,14.01983164751988,721.9915219071329,521271.7577057779,645.0161743164062,2.8285014039089624
autoformer,T374,quarterly,pretrain_finetune,2.832466939197138,2.773484467646292,208.42537116317035,43441.13534450531,169.0987548828125,0.6221440576998252
autoformer,T374,quarterly,from_scratch,3.876950388921361,3.8354541253587136,282.2246824844732,79650.7714034617,233.33319091796875,0.8584738444369711
autoformer,T382,quarterly,pretrain_finetune,19.274142025617465,17.476587006146104,1754.3413720713108,3077713.649761049,1696.1946044921874,2.753171594119646
autoformer,T382,quarterly,from_scratch,6.1925653249707,5.941894171939626,665.3030986080107,442628.2130174205,569.8084228515622,0.9248822981338888
autoformer,T389,quarterly,pretrain_finetune,11.315502524403373,10.68723466394828,588.2930370981561,346088.6974981725,576.4636840820312,2.272337754449988
autoformer,T389,quarterly,from_scratch,5.059328280158791,4.903199840554391,294.03864558644653,86458.7250983119,262.8406982421875,1.0360806040588817
autoformer,T412,quarterly,pretrain_finetune,6.436248698720953,6.099989524980952,586.5023492954222,343985.00572904944,442.9465942382813,0.5997110672059047
autoformer,T412,quarterly,from_scratch,8.821969603856344,8.926763209738322,754.5083113275813,569282.7918623984,628.6937866210938,0.8511965700258513
autoformer,T478,quarterly,pretrain_finetune,13.736671893737425,12.681652423225977,679.4326712802571,461628.7548030259,618.9909606933593,0.944735898494138
autoformer,T478,quarterly,from_scratch,16.59282934831008,14.968578039339771,826.3790975155005,682902.4128105331,726.7022705078125,1.109130449492998
autoformer,T485,quarterly,pretrain_finetune,14.379808079942396,12.941559118363193,749.3826716501353,561574.3885694945,579.2923950195312,1.36345798719498
autoformer,T485,quarterly,from_scratch,12.120555734072102,11.773232374870869,627.2264116114353,393412.97142295766,517.6188354492186,1.218299327910228
autoformer,T512,quarterly,pretrain_finetune,9.761627266147816,9.258388364529754,530.9881820240554,281948.44944921136,504.02435302734375,1.65118543170301
autoformer,T512,quarterly,from_scratch,16.67881369399903,15.36015813195819,847.5894071736318,718407.8031529486,835.4896850585938,2.7370669453188983
autoformer,T532,quarterly,pretrain_finetune,9.473288501193714,8.660550714145126,470.1296392560138,221021.87770698965,342.615966796875,1.26000355548958
autoformer,T532,quarterly,from_scratch,16.210434608252307,14.752004188922983,638.1993643269415,407298.4286273122,567.7985229492188,2.088134316699548
autoformer,T544,quarterly,pretrain_finetune,4.0851141629938486,3.981332243329187,212.2258086142867,45039.79384198785,186.75140380859372,1.6145654507947589
autoformer,T544,quarterly,from_scratch,11.622877288390685,10.93048344509551,555.0967271150759,308132.37645386904,507.4469299316406,4.387149250129458
autoformer,T564,quarterly,pretrain_finetune,23.12362245483536,27.265743735267517,1005.0457511922438,1010116.9619895816,875.015380859375,2.284262700889215
autoformer,T564,quarterly,from_scratch,35.310019993617665,43.25112101812595,1440.5507244771693,2075186.3897916973,1412.1642456054688,3.686511328061266
autoformer,T584,quarterly,pretrain_finetune,26.36802559113828,23.26366590219594,2083.0881281962397,4339256.149832111,2071.408156738281,4.37260778404773
autoformer,T584,quarterly,from_scratch,24.767745088629013,21.649830870541685,2096.561065970111,4395568.303341729,1945.9099877929689,4.1076893184962096
autoformer,T587,quarterly,pretrain_finetune,12.76902654778227,11.974716701865711,806.9959935184635,651242.533554852,787.0302734375,2.1725066458585807
autoformer,T587,quarterly,from_scratch,12.126336980460414,11.332536586170477,806.9054103915795,651096.3413192034,747.7581787109375,2.0641005404395365
autoformer,T621,quarterly,pretrain_finetune,3.825871591742215,3.74955924351823,228.14740611329125,52051.23891622304,221.00766601562495,2.5685453559273825
autoformer,T621,quarterly,from_scratch,5.56928137354344,5.4058918320421405,331.94630555901057,110188.349774276,318.5852416992187,3.702589406901741
autoformer,T626,quarterly,pretrain_finetune,19.664981682839063,22.49432456026664,570.0986806422849,325012.5056700739,498.4400573730469,0.6110287453139366
autoformer,T626,quarterly,from_scratch,24.73542413791816,28.841459353011683,727.764821281809,529641.6350953433,638.6756896972656,0.7829410970598608
autoformer,T629,quarterly,pretrain_finetune,38.00534144108798,50.61422126190019,1529.6735932987208,2339901.30203542,1424.8730529785155,1.303083050126845
autoformer,T629,quarterly,from_scratch,39.47175406619554,54.48639839867568,1978.063117187252,3912733.6955765486,1648.421142578125,1.5075235270076166
autoformer,T696,quarterly,pretrain_finetune,24.86880618077496,29.18027378287061,638.6556216431246,407881.003056366,600.4905590820313,1.7180301556912398
autoformer,T696,quarterly,from_scratch,33.19207856165045,41.92272638198942,934.899326435187,874036.7505689664,853.0567822265625,2.440633335888901
autoformer,T721,quarterly,pretrain_finetune,0.7928473713957662,0.7921731973286168,43.45455724347916,1888.2985452268072,39.37419189453112,0.6795890778283464
autoformer,T721,quarterly,from_scratch,1.9773100398401755,2.0060668728701816,119.68014438861324,14323.33696087931,99.53202148437504,1.717898741290804
autoformer,T740,quarterly,pretrain_finetune,12.71148474288678,11.69115198038661,978.1577498958058,956792.5836812258,846.1947021484375,0.9311633586227648
autoformer,T740,quarterly,from_scratch,26.65401352497306,21.885468434451955,2071.1693553090654,4289742.49837137,1635.4064636230469,1.7996219682234351
autoformer,T756,quarterly,pretrain_finetune,20.76742892451021,22.917481790682743,618.1165707393924,382068.0950226262,578.7843933105469,0.3617402458190918
autoformer,T756,quarterly,from_scratch,23.029971912524623,25.16161348795205,658.5780598022305,433725.0608528704,564.9599609375,0.3530999755859375
fedformer,T63,quarterly,pretrain_finetune,5.796101636748165,5.721982726171793,439.7820251621464,193408.22965571872,382.130078125,1.314640951949594
fedformer,T63,quarterly,from_scratch,11.223648156040522,10.930398015258842,838.3532163405692,702836.1153485774,731.8058105468749,2.517629316540962
fedformer,T65,quarterly,pretrain_finetune,25.58477530344508,22.31862586011119,2418.862154071518,5850894.120399505,2261.4263305664062,2.3919822658509142
fedformer,T65,quarterly,from_scratch,27.61230004519952,24.125900232553875,2477.021975732858,6135637.868263513,2423.8263549804688,2.563757916077335
fedformer,T70,quarterly,pretrain_finetune,28.601419289479573,24.068956991978517,1924.4836329547732,3703637.253510803,1613.2261352539062,2.600090475064721
fedformer,T70,quarterly,from_scratch,20.22553090669285,21.46655359246024,1474.717461875089,2174791.5923593044,1325.512939453125,2.13637350222117
fedformer,T96,quarterly,pretrain_finetune,12.76768776892824,11.847206236961975,798.1531304949517,637048.4197188914,706.1248168945312,2.277821989982359
fedformer,T96,quarterly,from_scratch,6.2711484970918825,6.037430544333949,391.4193980422719,153209.1451637745,349.4259033203125,1.1271803332913306
fedformer,T137,quarterly,pretrain_finetune,8.313479130558967,8.799580102200556,776.0949227266832,602323.3290821364,677.30751953125,1.145467070354202
fedformer,T137,quarterly,from_scratch,9.930391594578335,10.724916209429107,1005.3628266525304,1010754.413214766,829.0015747070312,1.4020130852170027
fedformer,T149,quarterly,pretrain_finetune,13.04565043092077,12.116434180435128,753.937920973945,568422.3886825144,693.0267944335938,0.8594539039835515
fedformer,T149,quarterly,from_scratch,17.55490686420288,18.313953673711158,1196.6099341460492,1431875.3344970122,1035.7215270996094,1.284445157179071
fedformer,T278,quarterly,pretrain_finetune,23.952339126310054,21.24549315833841,1512.0001799315796,2286144.5441131294,1420.8524780273438,5.004260299970519
fedformer,T278,quarterly,from_scratch,22.47595782282985,19.977411153448237,1444.1733704414687,2085636.7238922715,1344.9547119140625,4.73694741303066
fedformer,T304,quarterly,pretrain_finetune,11.197026963343848,10.576753378097504,656.0921894610916,430456.96107184887,640.5323486328125,4.789026905665888
fedformer,T304,quarterly,from_scratch,9.257474592106432,8.826260911198371,546.1061032290183,298231.8759839833,532.7850952148438,3.983439964223131
fedformer,T317,quarterly,pretrain_finetune,6.50938015255311,6.243619954564883,411.8643357536675,169632.23106580973,359.522216796875,2.5327384064591407
fedformer,T317,quarterly,from_scratch,1.2914127176209211,1.2917448051320106,99.55221598584646,9910.643707692623,73.6981201171875,0.5191836570425327
fedformer,T321,quarterly,pretrain_finetune,0.8728011549767325,0.8658085034819362,62.16829018852794,3864.896304965019,45.2298583984375,1.210163435409699
fedformer,T321,quarterly,from_scratch,0.8052555987140994,0.7982419218853265,63.67193320125424,4054.115077584982,41.71807861328125,1.1162027722617056
fedformer,T336,quarterly,pretrain_finetune,11.685003016601764,12.693889586621726,660.7500081394732,436590.5732563138,580.8839111328125,2.5472709422962727
fedformer,T336,quarterly,from_scratch,12.84715950765871,13.93128787297187,693.3605332899277,480748.82912409306,644.716552734375,2.827187514274621
fedformer,T374,quarterly,pretrain_finetune,6.9243421272967325,6.596707063750235,481.86123747821154,232190.2521840334,401.481689453125,1.4771217419173104
fedformer,T374,quarterly,from_scratch,9.689120806423842,9.182678172746376,598.3373346930672,358007.5660876036,559.62841796875,2.0589713685384474
fedformer,T382,quarterly,pretrain_finetune,25.796006595798467,22.311178573425817,2381.204219014674,5670133.532653282,2171.632531738281,3.524876793861718
fedformer,T382,quarterly,from_scratch,19.862206605021253,17.72077259684582,1857.7992172944569,3451417.9317798954,1701.7089477539062,2.7621221786741432
fedformer,T389,quarterly,pretrain_finetune,11.2916759663781,10.646136732283267,596.2965553646832,355569.5819397867,574.7465209960938,2.2655689420885685
fedformer,T389,quarterly,from_scratch,2.68150086322846,2.651144154712749,196.6565604716641,38673.802776545286,142.51580810546875,0.5617770213568613
fedformer,T412,quarterly,pretrain_finetune,25.706229178288776,22.001840486490835,1771.72262163407,3139001.0480099022,1555.9231567382812,2.106584290195344
fedformer,T412,quarterly,from_scratch,8.087272912686233,8.168544339818451,712.833083117362,508131.00438660383,579.711181640625,0.7848783937728473
fedformer,T478,quarterly,pretrain_finetune,11.849139446169524,10.763050731228104,686.7015622010506,471559.0355293634,528.3728576660155,0.8064298804426364
fedformer,T478,quarterly,from_scratch,13.322611001983564,12.243969841273945,718.8523087999745,516748.6418670538,593.2642028808593,0.9054703951173064
fedformer,T485,quarterly,pretrain_finetune,29.059391208782717,24.412778162146505,1260.1516592453747,1587982.204298871,1088.7401855468752,2.5625254443638648
fedformer,T485,quarterly,from_scratch,30.424942665338904,25.45073928023617,1273.6787695947737,1622257.6081164563,1124.9674804687502,2.6477922198996167
fedformer,T512,quarterly,pretrain_finetune,13.213829041755186,12.353671367370964,688.317922291579,473781.56214779615,671.4573974609375,2.199696633778665
fedformer,T512,quarterly,from_scratch,14.44500261701026,13.416119624051763,753.2252023994284,567348.20552966,731.1631469726562,2.3952928647752865
fedformer,T532,quarterly,pretrain_finetune,14.156259712072517,12.762808494776229,616.101751546921,379581.36825918406,499.5778503417969,1.837246155103145
fedformer,T532,quarterly,from_scratch,21.64426499828861,19.534265420965603,800.8707481694217,641393.9552734494,738.3233032226562,2.715255788744062
fedformer,T544,quarterly,pretrain_finetune,6.712154453262309,6.4619568510915135,325.57602366406286,105999.74718490244,301.0805053710937,2.603001487358159
fedformer,T544,quarterly,from_scratch,5.758154863520071,5.55756295984141,293.5514368307597,86172.44606540352,259.3627624511719,2.24232935836748
fedformer,T564,quarterly,pretrain_finetune,21.747744062832258,25.239682934995397,914.5453939636876,836393.2776201963,811.17626953125,2.1176081436612826
fedformer,T564,quarterly,from_scratch,26.5734326549972,30.805011313279657,1031.8037554371194,1064618.989734143,1010.9016723632812,2.6389993078499754
fedformer,T584,quarterly,pretrain_finetune,27.98476287491488,24.470793821281504,2193.0791744206344,4809596.265277491,2172.8828881835934,4.5868143368019725
fedformer,T584,quarterly,from_scratch,17.32684338425815,15.70496393637944,1585.2121611126722,2512897.5957395085,1412.4653979492189,2.9816225130135843
fedformer,T587,quarterly,pretrain_finetune,24.62260242888272,21.78676961048128,1482.7188140540316,2198455.081549793,1434.3683471679688,3.959409024027922
fedformer,T587,quarterly,from_scratch,13.267353280560462,12.363604123519908,853.602143477749,728636.6193498075,811.8062133789062,2.2408977814943216
fedformer,T621,quarterly,pretrain_finetune,6.949371053642494,6.697731230328201,411.0248905075994,168941.46061678408,395.0116943359375,4.590815655018264
fedformer,T621,quarterly,from_scratch,2.941925162700784,2.8930965695523647,182.79663776873045,33414.61077955245,170.54868164062498,1.9821123496982884
fedformer,T626,quarterly,pretrain_finetune,8.676546706195767,9.269678452918544,262.1565879167101,68726.07658813178,206.834716796875,0.2535549774186187
fedformer,T626,quarterly,from_scratch,6.977144239372982,6.619494793497076,187.03738843383977,34982.984672151055,147.40714111328123,0.1807037760156416
fedformer,T629,quarterly,pretrain_finetune,34.14857691648716,37.74078479199319,1388.8153119583335,1928807.970729924,1239.316748046875,1.1333870373521304
fedformer,T629,quarterly,from_scratch,34.72822843341584,50.77058663503399,1692.2841132249584,2863825.519873584,1341.5171142578124,1.2268519005186016
fedformer,T696,quarterly,pretrain_finetune,20.29027749377527,22.99093001480121,499.0523495887576,249053.24763005952,477.1119885253906,1.3650385864209031
fedformer,T696,quarterly,from_scratch,26.308456925457268,31.164436507523074,691.4295760970782,478074.8587017853,649.0421948242188,1.856938541596138
fedformer,T721,quarterly,pretrain_finetune,0.7146573954715452,0.7198067685604087,53.91364843699335,2906.681487787715,35.56657226562493,0.613870479228006
fedformer,T721,quarterly,from_scratch,1.9489424451598043,1.9796593388258523,123.66647505052109,15293.397051421152,98.11613281249991,1.693460843507285
fedformer,T740,quarterly,pretrain_finetune,16.39578737663398,14.936636609029696,1214.658577331112,1475395.4594840407,1110.5244140625,1.2220351186382394
fedformer,T740,quarterly,from_scratch,45.16101748252953,35.1763960264046,2941.458303835783,8652176.953204483,2629.0845336914062,2.893077891269773
fedformer,T756,quarterly,pretrain_finetune,20.63935711232265,20.798155514658667,812.9174705336158,660834.813898772,640.5098266601562,0.4003186416625977
fedformer,T756,quarterly,from_scratch,15.61539457103778,16.43836697163413,443.4949179051112,196687.74220766127,375.9937744140625,0.234996109008789
patchtst,T63,quarterly,pretrain_finetune,3.373760979002661,3.321266009715236,264.37697587807963,69895.1853744387,224.16171874999984,0.7711828829966093
patchtst,T63,quarterly,from_scratch,15.356545846540987,16.655274629557063,1230.207433567504,1513410.329604745,1053.7088623046875,3.625071411847419
patchtst,T65,quarterly,pretrain_finetune,30.616572210925803,25.91333124998141,2862.5572292222832,8194233.890572756,2630.2839965820312,2.782134703631874
patchtst,T65,quarterly,from_scratch,13.887584489793973,12.897292954269709,1352.4183599590758,1829035.420354396,1293.0087280273438,1.3676562907345318
patchtst,T70,quarterly,pretrain_finetune,26.258000758664345,22.167237754342427,1826.529576578235,3336210.2941150665,1493.5435791015625,2.4071940996076435
patchtst,T70,quarterly,from_scratch,22.61139175115091,19.91923770025349,1496.5389509632896,2239628.8317503035,1315.0176391601562,2.1194578759934823
patchtst,T96,quarterly,pretrain_finetune,11.064409265989758,10.355561376735857,669.8811790821435,448740.79408848286,601.4473876953125,1.940152863533266
patchtst,T96,quarterly,from_scratch,10.388400330907608,9.829685825452486,569.1173638998596,323894.5738923252,547.4907836914062,1.7660993022303428
patchtst,T137,quarterly,pretrain_finetune,7.172279334968162,7.52029355227615,654.4187982809203,428263.9635434438,579.9486328125,0.980813060872874
patchtst,T137,quarterly,from_scratch,9.290109200794513,9.974511432881412,932.2113469913584,869017.9954594425,767.151025390625,1.2974110167588022
patchtst,T149,quarterly,pretrain_finetune,16.115995764740276,14.636642320405812,944.0663933577245,891261.3550674617,840.6248168945312,1.042496894013946
patchtst,T149,quarterly,from_scratch,34.24995907058902,28.862361884017947,1719.451403479239,2956513.128926724,1645.9126586914062,2.0411708053574
patchtst,T278,quarterly,pretrain_finetune,22.85492634582877,20.64169650516096,1415.697189926521,2004198.533565849,1361.2841186523438,4.794459788964229
patchtst,T278,quarterly,from_scratch,18.0540028364938,16.61521033310503,1131.456213263324,1280193.1625321803,1092.6154174804688,3.848205243956368
patchtst,T304,quarterly,pretrain_finetune,9.72489177882257,9.229995107071408,588.3005371425055,346097.5220021605,559.744140625,4.185002920560748
patchtst,T304,quarterly,from_scratch,4.940842575748549,4.812097412245983,302.3464148336464,91413.3545627594,290.7386474609375,2.173746896904205
patchtst,T317,quarterly,pretrain_finetune,4.411363697587925,4.269342855562691,303.2175581687107,91940.88758179544,246.34857177734372,1.7354601745497975
patchtst,T317,quarterly,from_scratch,1.984418590053357,1.954317754618016,141.92777865303106,20143.49435338378,112.60528564453124,0.7932742912612276
patchtst,T321,quarterly,pretrain_finetune,0.8396570999109747,0.8338956574103098,56.06487422586295,3143.270121961832,43.51458740234375,1.1642698970526757
patchtst,T321,quarterly,from_scratch,0.8269867811428675,0.8218100046805331,55.22635621455816,3049.9504207372665,42.84619140625,1.1463863921404682
patchtst,T336,quarterly,pretrain_finetune,13.69366101712359,15.05430097068105,775.4782214401066,601366.471927911,690.4856567382812,3.02789251995592
patchtst,T336,quarterly,from_scratch,13.43677035714582,14.85093674319462,785.4939414192077,617000.7320062816,677.2283325195312,2.969756985285721
patchtst,T374,quarterly,pretrain_finetune,2.701943996646273,2.6658542060387145,207.99346765339808,43261.28258648515,162.92510986328125,0.5994301319473188
patchtst,T374,quarterly,from_scratch,4.214597638578836,4.325529943242112,285.569775556826,81550.09671157598,259.9437255859375,0.9563786813316316
patchtst,T382,quarterly,pretrain_finetune,20.503181162066845,18.27686942580761,1937.11500635612,3752414.547850072,1778.6459594726562,2.887002186333364
patchtst,T382,quarterly,from_scratch,4.072082404110764,4.012632774948069,432.613319289744,187154.28402689,388.6343261718753,0.6308102764167026
patchtst,T389,quarterly,pretrain_finetune,12.79508001621276,11.918168324399156,691.771086697809,478547.2363910675,644.7181396484375,2.541387098885193
patchtst,T389,quarterly,from_scratch,4.929791706858494,4.79327435144009,276.93983658600354,76695.67308828235,257.76300048828125,1.0160650425751416
patchtst,T412,quarterly,pretrain_finetune,11.431251012331542,10.380130141065278,987.1867764792275,974537.7316554488,736.5429077148438,0.9972148764078578
patchtst,T412,quarterly,from_scratch,13.67775333401429,14.839112407090749,1117.9509530345647,1249814.3333908916,1038.602783203125,1.4061776106189074
patchtst,T478,quarterly,pretrain_finetune,7.115363395283938,6.778879490447206,401.7265015618205,161384.1820570993,335.8980712890625,0.5126649439698755
patchtst,T478,quarterly,from_scratch,11.19247524679049,10.320954061104365,650.0095182638104,422512.3738335508,501.08198242187495,0.764777140448527
patchtst,T485,quarterly,pretrain_finetune,19.80554656443008,17.510429535869932,925.8476036849884,857193.7852492356,780.4916503906251,1.8370128519091136
patchtst,T485,quarterly,from_scratch,15.333914960983202,14.551723227548754,810.8145571280273,657420.2460507192,634.0480285644531,1.4923341929636198
patchtst,T512,quarterly,pretrain_finetune,11.19439291283205,10.527136324545374,608.1197821161469,369809.66940099,572.8695068359375,1.8767223811169125
patchtst,T512,quarterly,from_scratch,24.73293177827061,21.87731614506712,1229.200119654161,1510932.9341578037,1194.8610229492188,3.9143686255502654
patchtst,T532,quarterly,pretrain_finetune,12.148302604393512,11.001864836675832,554.1028249459176,307029.9406130463,419.112060546875,1.541325383561906
patchtst,T532,quarterly,from_scratch,15.757340341327758,14.41105732898052,678.4263981387313,460262.3776914925,567.3990478515625,2.086665208157753
patchtst,T544,quarterly,pretrain_finetune,5.066652411400749,4.917493970017219,243.7417121569592,59410.02224520594,224.45828247070312,1.940561519919624
patchtst,T544,quarterly,from_scratch,7.022026757823791,6.690808044788144,376.6310987245218,141850.9845264405,315.134765625,2.724508060158501
patchtst,T564,quarterly,pretrain_finetune,21.05340642067416,24.11977616465077,852.3152179709647,726441.230784893,777.2205200195312,2.0289652994473
patchtst,T564,quarterly,from_scratch,32.5781790845297,40.07220046301829,1389.1876502063462,1929842.3274858296,1295.8900756835938,3.382972950063224
patchtst,T584,quarterly,pretrain_finetune,31.01660162847787,26.611476795370947,2424.9813212242884,5880534.408286694,2360.3062280273434,4.982452807205346
patchtst,T584,quarterly,from_scratch,10.97253051460152,10.17789297465583,1098.6240512071631,1206974.8058908393,918.7270849609374,1.9393730733596053
patchtst,T587,quarterly,pretrain_finetune,16.82068936907413,15.29378537171882,1110.9438521264622,1234196.2425775826,1013.9843139648438,2.798987199391274
patchtst,T587,quarterly,from_scratch,6.837349079697283,6.534034482905912,503.68089174750105,253694.4407115579,432.0594482421875,1.1926504664330229
patchtst,T621,quarterly,pretrain_finetune,4.485274232066761,4.371559252740329,278.21772778699136,77405.10405495643,258.0568603515625,2.9991301305102493
patchtst,T621,quarterly,from_scratch,2.2146538169069627,2.1827764654784083,148.24709917604488,21977.20241411209,128.92795410156248,1.4983973349294346
patchtst,T626,quarterly,pretrain_finetune,13.623584531945216,15.126652159947954,405.3798320095726,164332.8082001093,333.9728942871094,0.4094113937002194
patchtst,T626,quarterly,from_scratch,8.050270512527987,8.16670289027531,192.1483908536032,36921.004107629065,179.59759521484375,0.2201654775579046
patchtst,T629,quarterly,pretrain_finetune,37.01316640316906,58.00535030411648,1838.9934910326867,3381897.060060588,1415.9851684570312,1.2949548511639826
patchtst,T629,quarterly,from_scratch,46.85734797998629,82.40474678301621,2717.933178061369,7387160.760406772,2148.3730834960934,1.964742434142108
patchtst,T696,quarterly,pretrain_finetune,24.963215347134813,29.33709086904437,639.8015099339292,409345.9721137357,602.5319409179688,1.7238706397760892
patchtst,T696,quarterly,from_scratch,24.06733113515678,28.52244381507744,642.450793551779,412743.0221353106,577.7626843261719,1.653004696731433
patchtst,T721,quarterly,pretrain_finetune,0.6868728113460499,0.6919079939147297,51.46200155076081,2648.337603610508,34.17960937499993,0.5899318334687034
patchtst,T721,quarterly,from_scratch,1.4520004330761709,1.4382580099590223,82.3686704849489,6784.597877458091,71.75643066406246,1.238498727132406
patchtst,T740,quarterly,pretrain_finetune,19.79505030791409,17.803563116433917,1386.8902658350275,1923464.6094679532,1306.1685180664062,1.4373243665104882
patchtst,T740,quarterly,from_scratch,10.247460999135663,10.080013540001728,968.4982471905162,937988.8548111022,746.6080932617188,0.8215769939606259
patchtst,T756,quarterly,pretrain_finetune,33.66767284712131,39.57188395831068,993.2219728336748,986489.887319617,963.4823303222656,0.602176456451416
patchtst,T756,quarterly,from_scratch,32.74029009878381,43.25519377100739,1043.846435811281,1089615.3815559149,903.5880126953124,0.5647425079345703
helformer,T63,quarterly,pretrain_finetune,32.08939975975353,40.30679076943683,2841.9121204895678,8076464.500585509,2540.959366116273,8.741654821643296
helformer,T63,quarterly,from_scratch,31.938875373022835,39.4179986379095,2697.8992082008776,7278660.1376109235,2500.971398714419,8.604084338341778
helformer,T65,quarterly,pretrain_finetune,22.234631753093566,25.382445073246235,2743.365405455471,7526053.747849859,2569.3507662119337,2.717683695665687
helformer,T65,quarterly,from_scratch,63.774515742913465,95.12548604996202,9872.1720438514,97459780.86340114,9601.922027873536,10.156257092400695
helformer,T70,quarterly,pretrain_finetune,51.74237241707869,73.41065356437677,5141.519536873167,26435223.148048468,4731.791018928421,7.626385718314805
helformer,T70,quarterly,from_scratch,43.83631659848406,56.24952116426481,3547.980326815677,12588164.399471078,3532.2565003762115,5.69305584716933
helformer,T96,quarterly,pretrain_finetune,11.386907501193749,12.168822533670584,723.8020784598667,523889.4487828231,684.5959365310798,2.2083739888099347
helformer,T96,quarterly,from_scratch,18.094165314165508,20.132115347676347,1175.5363006619843,1381885.594174063,1121.83767932432,3.618831223626839
helformer,T137,quarterly,pretrain_finetune,7.248738841643849,6.859769891663886,705.7665468844499,498106.41870120034,558.2917809844006,0.9441868461900714
helformer,T137,quarterly,from_scratch,18.00492728581321,16.447951237261424,1355.1788442431855,1836509.699884296,1310.6068392722336,2.2165071747709724
helformer,T149,quarterly,pretrain_finetune,7.555618561403467,7.89820704760293,480.07946002620463,230476.28793905216,447.6678113540023,0.5551731206445241
helformer,T149,quarterly,from_scratch,11.064088761877128,11.751450225221822,683.520181773762,467199.8388920367,664.5358912197518,0.8241210450063358
helformer,T278,quarterly,pretrain_finetune,6.93959867466566,7.117979085258308,499.3008307337413,249301.3195714042,418.0361484925876,1.4723285733072269
helformer,T278,quarterly,from_scratch,6.835353112797911,7.166227309471868,530.9250033581659,281881.35919086845,408.4541016443751,1.438580483778931
helformer,T304,quarterly,pretrain_finetune,4.488510167410928,4.6183371161340885,314.79252276404003,99094.33238814866,280.3674871105077,2.0962055111066
helformer,T304,quarterly,from_scratch,5.5758055679034095,5.74151694936086,353.1172426979554,124691.78709060675,346.9223037801652,2.593811617047964
helformer,T317,quarterly,pretrain_finetune,1.2678484083196198,1.2777743947594642,80.71551537382511,6514.994422062197,72.85297959530033,0.5132298668214184
helformer,T317,quarterly,from_scratch,2.1172594090672576,2.144903247789588,134.69687791672408,18143.24892051287,121.89257523413572,0.8587007765701707
helformer,T321,quarterly,pretrain_finetune,3.5193066244577964,3.446348447966695,196.9565525324333,38791.88358546116,179.22976912736488,4.795445327822471
helformer,T321,quarterly,from_scratch,4.1460056799869,4.05635492174955,217.82304912257916,47446.88072905752,210.5783743993153,5.634203997306095
helformer,T336,quarterly,pretrain_finetune,5.235888116848456,5.498005192464354,323.9884186843553,104968.49544158908,246.1973573432034,1.0796156726177384
helformer,T336,quarterly,from_scratch,7.833281375481772,7.493350852373143,412.79661983056496,170401.04934353998,368.4782029956969,1.615837177397538
helformer,T374,quarterly,pretrain_finetune,20.61328204742327,23.327537251066065,1503.5084020744964,2260537.5151086054,1412.3254357260262,5.196193656092811
helformer,T374,quarterly,from_scratch,25.248714878958232,29.00404363428821,1777.8459117611533,3160736.0859658467,1755.332589979641,6.458177299410011
helformer,T382,quarterly,pretrain_finetune,7.642272762669178,7.989815486017274,834.1533800396563,695811.8614315833,776.7057922500248,1.2607069486883355
helformer,T382,quarterly,from_scratch,8.022580847952112,8.363665520140241,818.0591876019321,669220.8344199331,809.7242819312073,1.314300780215809
helformer,T389,quarterly,pretrain_finetune,4.829604863770488,4.979289345378322,302.43675233760933,91467.98916452043,269.5596686076118,1.0625658284606525
helformer,T389,quarterly,from_scratch,5.4687847514998005,5.639605525665487,322.0329884099955,103705.2456242723,304.63540915645206,1.200829402932553
helformer,T412,quarterly,pretrain_finetune,19.218713009933577,21.53602667949339,1582.272893236384,2503587.508670637,1502.9897903839835,2.034917127516902
helformer,T412,quarterly,from_scratch,22.577731940988784,25.63287393036316,1841.7450951737533,3392024.9955965774,1798.6453796855708,2.435209016633592
helformer,T478,quarterly,pretrain_finetune,21.76844438869662,19.313704472019342,1021.9548742259888,1044391.7649542564,946.2346091186334,1.4441920163593305
helformer,T478,quarterly,from_scratch,69.98618402555375,49.75143108166653,2594.471854737533,6731284.205025217,2418.11516134367,3.690651955652731
helformer,T485,quarterly,pretrain_finetune,29.130185904432405,24.46326350227481,1255.7071463728942,1576800.4374519573,1093.7987805996884,2.574431662860848
helformer,T485,quarterly,from_scratch,21.34733854223062,19.26885187112085,991.41802845869,982909.707152916,847.8248843659421,1.995492466792059
helformer,T512,quarterly,pretrain_finetune,8.63349277221882,9.111312327601205,559.4489519922071,312983.1298851788,501.4740311576545,1.6428305689030451
helformer,T512,quarterly,from_scratch,7.078307400524047,7.3730513609146895,432.4720566433316,187032.07977731305,403.2704904950414,1.3211154479772036
helformer,T532,quarterly,pretrain_finetune,10.961646481036643,12.088438726147894,595.4780014649033,354594.0502286353,452.92192904714943,1.6656644647765224
helformer,T532,quarterly,from_scratch,15.962870937501966,18.050583181403105,820.1985491907416,672725.6600945974,677.7847110416367,2.4926192254059574
helformer,T544,quarterly,pretrain_finetune,5.694059891927989,5.897077175444027,303.5549927431451,92145.63361929086,274.6797250942881,2.374752666521222
helformer,T544,quarterly,from_scratch,3.4416465360158783,3.511308862289791,175.20333773653036,30696.209554020723,162.08292828579,1.4012933281192217
helformer,T564,quarterly,pretrain_finetune,26.819666805645724,22.406319729375877,862.6750079467164,744208.1693358673,717.4389305659072,1.8729030655987136
helformer,T564,quarterly,from_scratch,45.589503706456256,36.93635855031558,1234.093789084373,1522987.4802566243,1216.1822358555482,3.1748924414568074
helformer,T584,quarterly,pretrain_finetune,18.50109063357907,21.08941724068949,2129.547319270704,4534971.785013041,1850.5018809064525,3.9062890152888734
helformer,T584,quarterly,from_scratch,16.202978311475434,18.07870659694174,1791.8548542700246,3210743.8187710512,1587.191891369837,3.3504587670975696
helformer,T587,quarterly,pretrain_finetune,5.489910897491459,5.701571260768974,454.19646500594,206294.4288238921,379.2984166027181,1.047009700445125
helformer,T587,quarterly,from_scratch,11.728024595772975,12.478243660260302,832.7138772927941,693412.4014359986,818.0679532599618,2.2581825950083103
helformer,T621,quarterly,pretrain_finetune,2.015333968105536,2.04000576529796,131.94207893579053,17408.712193898384,120.31841212290726,1.3983374616019038
helformer,T621,quarterly,from_scratch,2.417918406102536,2.4499619574953044,150.17125655310994,22551.40629473996,144.3148763198593,1.6772237454261096
helformer,T626,quarterly,pretrain_finetune,8.51558872192369,9.04213082401926,230.6098726227385,53180.91335107567,198.3764686907957,0.2431861624500746
helformer,T626,quarterly,from_scratch,120.57475208186908,75.09573350411782,1671.6526714342829,2794422.6539133745,1667.7734135614903,2.044493578078791
helformer,T629,quarterly,pretrain_finetune,82.05660149077778,59.50684993646384,2794.226471952067,7807701.576557696,2371.708125597156,2.168988073606558
helformer,T629,quarterly,from_scratch,38.51026245007157,62.35170767014648,1928.6009519929505,3719501.632028114,1485.200222542694,1.3582537981151537
helformer,T696,quarterly,pretrain_finetune,39.25490814556058,29.21802874535307,943.0345135572018,889314.0937600681,702.7422478315818,2.0105767779239545
helformer,T696,quarterly,from_scratch,13.677576343039014,13.307033664906765,323.1774574253092,104443.66898788756,296.6426475059882,0.8487077876102859
helformer,T721,quarterly,pretrain_finetune,2.8011329398144635,2.8625254572862984,175.35534300519987,30749.49632047129,141.80673989957145,2.4475502089372223
helformer,T721,quarterly,from_scratch,3.100508939882882,3.1713297596016834,188.51380570654095,35537.454941963486,157.16549417862404,2.712638612149461
helformer,T740,quarterly,pretrain_finetune,8.317639580013884,8.837181778543341,742.3045642404028,551016.0660921342,631.458855814995,0.6948653158899533
helformer,T740,quarterly,from_scratch,4.310538447215798,4.449203620388069,385.0662524658899,148276.01878812443,316.95511798866164,0.3487814228210857
helformer,T756,quarterly,pretrain_finetune,166.5783036247754,133.33329423807365,3306.994488716739,10936212.548402883,3233.4234522992647,2.0208896576870403
helformer,T756,quarterly,from_scratch,200.0,140.93484827607634,4128.252548890272,17042469.107419025,3943.7317210663296,2.464832325666456
dlinear,T63,quarterly,from_scratch,12.019958586025941,11.270894795955694,859.9549331005211,739522.4869639217,764.5526489257811,2.6302881655669794
dlinear,T65,quarterly,from_scratch,58.7289983999061,44.814751175978074,4606.70830465128,21221761.404143065,4501.712341308594,4.761603745754279
dlinear,T70,quarterly,from_scratch,56.03369271776325,42.16115214832714,3052.6760032517036,9318830.780828796,2737.5018005371094,4.412123137298911
dlinear,T96,quarterly,from_scratch,22.336696224888954,19.57172531866931,1434.6220845709888,2058140.5255388096,1184.5257263183594,3.821050730059224
dlinear,T137,quarterly,from_scratch,7.782296521280166,8.20101961097199,720.3050754784467,518839.4017600108,632.7751708984375,1.0701536603396153
dlinear,T149,quarterly,from_scratch,28.47889991184902,24.32749792916324,1503.1110596885555,2259342.8577580526,1380.0326843261719,1.7114410116543897
dlinear,T278,quarterly,from_scratch,27.435714512539683,23.86945985886244,1704.2843599233026,2904585.1794791818,1598.3358154296875,5.629358846796383
dlinear,T304,quarterly,from_scratch,19.612490768725365,17.83234259836386,1088.641658070919,1185140.6596873999,1078.6209716796875,8.064455863025701
dlinear,T317,quarterly,from_scratch,11.320820205063518,10.583653937992304,668.9960170898894,447555.67088213563,606.1928100585938,4.2704671367283815
dlinear,T321,quarterly,from_scratch,0.9433820669411372,0.9395076369344456,58.891346201854226,3468.19065746665,48.85748291015625,1.307223623014214
dlinear,T336,quarterly,from_scratch,14.99350552842396,16.562706709640818,838.2257891217082,702622.4735487103,763.599853515625,3.348510229193313
dlinear,T374,quarterly,from_scratch,14.293254961856288,13.167093301414312,875.1047648957317,765808.3495432138,800.8671875,2.946531227005151
dlinear,T382,quarterly,from_scratch,35.13406658408718,29.200527978525194,3008.6812131189195,9052162.642174732,2820.4060913085937,4.5779310427635584
dlinear,T389,quarterly,from_scratch,30.539903189823818,25.938163816940484,1490.631495375969,2221982.2550067976,1394.1629943847656,5.495591995603905
dlinear,T412,quarterly,from_scratch,22.45186858949645,19.750998973989226,1749.0776125967066,3059272.4948869944,1395.2169189453125,1.8890020565195131
dlinear,T478,quarterly,from_scratch,24.246779681193253,21.21201279622701,1131.237705577174,1279698.746519509,1042.6173034667968,1.5912962507124488
dlinear,T485,quarterly,from_scratch,23.681867814881333,20.327535075474767,1055.4706388771608,1114018.269531762,893.9775512695313,2.1041202044614384
dlinear,T512,quarterly,from_scratch,21.634169321801096,19.367186801378672,1108.1985492906038,1228104.0246497989,1060.7938232421875,3.4751640401054464
dlinear,T532,quarterly,from_scratch,19.979698570629505,17.723373424827628,872.7802332556814,761745.3355618417,721.2559204101562,2.6524888277419167
dlinear,T544,quarterly,from_scratch,11.657177055898543,10.897310199470336,560.5238630987914,314187.00110319257,507.99298095703125,4.391870152366264
dlinear,T564,quarterly,from_scratch,22.883432255424406,26.837412713209996,983.1863821767815,966655.4620978683,865.2606811523438,2.25879766657489
dlinear,T584,quarterly,from_scratch,35.81261152351637,29.891508367572023,2796.11393434161,7818253.133819317,2668.3270410156247,5.632664693327334
dlinear,T587,quarterly,from_scratch,32.597686676102136,27.610877614465146,1859.3422243801301,3457153.50736285,1788.6166076660156,4.937270646624025
dlinear,T621,quarterly,from_scratch,9.013172796697082,8.591689896335259,527.9358662252977,278716.2788470554,506.1945556640625,5.882979982489527
dlinear,T626,quarterly,from_scratch,22.530014902550104,26.359164454715895,692.9667719052148,480202.946964734,593.3647247314453,0.7273951960784161
dlinear,T629,quarterly,from_scratch,47.34970347727216,70.43164732698688,2165.5470636844852,4689594.085032496,1934.2029541015625,1.7688783430400252
dlinear,T696,quarterly,from_scratch,23.889847770051322,27.79714051425415,611.7159444022677,374196.39663595834,576.1630749511719,1.6484281432752428
dlinear,T721,quarterly,from_scratch,0.6847248152397898,0.6840292664954066,40.07264986638589,1605.817267313957,34.05967285156248,0.5878617579334614
dlinear,T740,quarterly,from_scratch,36.23903333321995,30.092776326233306,2321.818072671707,5390839.16258496,2205.9307861328125,2.4274341525533014
dlinear,T756,quarterly,from_scratch,46.12143805081748,71.55506320969556,1783.4421804821795,3180666.0111230314,1460.8790893554688,0.9130494308471679
nbeats,T63,quarterly,from_scratch,14.123656495476206,15.02419798612718,1107.5174324541802,1226594.8631898996,955.9996337890625,3.2889226485249385
nbeats,T65,quarterly,from_scratch,19.671779097554587,17.785588699625514,1848.4961092690944,3416937.8659829795,1784.4630737304688,1.887483120159838
nbeats,T70,quarterly,from_scratch,36.296570073607356,30.489918909481784,2038.9015874914255,4157119.683475055,1960.0967102050781,3.159153372882711
nbeats,T96,quarterly,from_scratch,6.21000825711409,6.0500578488434735,358.16484968952017,128282.05955311656,335.21026611328125,1.0813234390751008
nbeats,T137,quarterly,from_scratch,9.37876865705591,10.013362631935763,891.2987133610329,794413.3964390326,770.1971435546876,1.3025626324558437
nbeats,T149,quarterly,from_scratch,12.942330102123623,12.143598089040267,691.1304627656651,477661.3165626824,686.5372924804688,0.8514059788047269
nbeats,T278,quarterly,from_scratch,18.39382962128487,16.949262900692258,1144.5122748235563,1309908.3472217917,1113.9324951171875,3.9232842595322324
nbeats,T304,quarterly,from_scratch,1.8815059185260745,1.8683383129669322,146.73963773850116,21532.521283626556,112.426025390625,0.840568414135514
nbeats,T317,quarterly,from_scratch,1.1748745778757552,1.1804099243341353,75.44971646552818,5692.659714728594,67.30499267578125,0.4741457743978954
nbeats,T321,quarterly,from_scratch,1.0621375866947902,1.0538340302454918,74.740913128448,5586.20409527421,54.93499755859375,1.4698327105978262
nbeats,T336,quarterly,from_scratch,10.318192278329105,11.134491260255095,591.5509879213531,349932.5713107288,508.69061279296875,2.2306915233018914
nbeats,T374,quarterly,from_scratch,8.790978113039234,9.248415516412823,596.222452935471,355481.2133843899,560.2877197265625,2.0613970556532837
nbeats,T382,quarterly,from_scratch,7.987068700655842,8.3572276404355,849.0175997764295,720830.8847301294,805.8655761718751,1.308037537154828
nbeats,T389,quarterly,from_scratch,3.856179613669085,3.9512919962204136,240.2317688505652,57711.30276507139,213.8411865234375,0.8429315063747228
nbeats,T412,quarterly,from_scratch,13.112093669495483,14.232436694092273,1099.8135975428584,1209589.9493401647,1000.4813232421875,1.3545644777175567
nbeats,T478,quarterly,from_scratch,12.830169072008552,11.818252656868548,663.1147666387695,439721.1937343898,577.3211608886718,0.881137302943638
nbeats,T485,quarterly,from_scratch,12.934967937115607,11.863189911888268,710.1534507084762,504317.92355315614,525.7351074218749,1.2374022816905756
nbeats,T512,quarterly,from_scratch,14.113509896066262,13.129896360754472,728.0122155227021,530001.7859502733,709.9841918945312,2.325910538557023
nbeats,T532,quarterly,from_scratch,15.380630345140133,14.26830159540662,595.333091298642,354421.48959519714,539.0986633300781,1.9825877903649822
nbeats,T544,quarterly,from_scratch,4.9303542934766815,4.804217997277062,227.4979421814169,51755.31369677931,220.60140991210938,1.9072168003928764
nbeats,T564,quarterly,from_scratch,15.696512232368324,17.183745949794808,581.8308745385466,338527.16656628996,556.8063659667969,1.453565321499225
nbeats,T584,quarterly,from_scratch,9.541852449109236,10.260410720762202,1110.5424764961465,1233304.5921021942,895.801728515625,1.8909791381910344
nbeats,T587,quarterly,from_scratch,3.9522796652840677,3.8607963744445493,283.0263480952567,80103.91371613741,256.2066650390625,0.7072290625867881
nbeats,T621,quarterly,from_scratch,1.2830721206006552,1.2717472315973632,88.78657685689704,7883.056229965685,75.19345703124998,0.8738964052047304
nbeats,T626,quarterly,from_scratch,4.963461558773732,4.7697724239772175,137.7792745021564,18983.128482340562,105.95869140624995,0.12989286335911676
nbeats,T629,quarterly,from_scratch,66.47671401680074,123.13569690611614,4191.086945455153,17565209.784364603,3736.3462890624996,3.416984768224888
nbeats,T696,quarterly,from_scratch,31.590333235299727,38.444516253458254,826.8615093441755,683699.9556349281,797.5640148925781,2.2818660642630384
nbeats,T721,quarterly,from_scratch,1.631379800274451,1.6156824788057906,88.08606517365872,7759.154877778052,80.58187011718746,1.3908236885041763
nbeats,T740,quarterly,from_scratch,22.870475723706924,20.2249895071279,1600.2176447678162,2560696.5106262565,1495.6119384765625,1.6457903036881019
nbeats,T756,quarterly,from_scratch,27.7300857788041,35.108386766947895,972.295412323285,945358.3688249066,788.4042053222656,0.49275262832641603
timesnet,T63,quarterly,from_scratch,18.8287313276291,21.597540210128262,1559.6181557875123,2432408.7918620408,1353.4063110351562,4.6561196382239025
timesnet,T65,quarterly,from_scratch,7.067811740339936,6.780221436646397,758.1351637164481,574768.9264633656,686.16064453125,0.725773849476892
timesnet,T70,quarterly,from_scratch,12.219440956002622,11.646322757091065,887.440458691102,787550.5677218735,772.1694946289062,1.2445313798515694
timesnet,T96,quarterly,from_scratch,4.722374989980069,4.881759571475727,310.42361917724327,96362.82334309816,268.8658447265625,0.8673091765372983
timesnet,T137,quarterly,from_scratch,7.205162165633776,7.649869247473193,748.4136354981789,560122.969799601,585.695593261719,0.9905323593589801
timesnet,T149,quarterly,from_scratch,3.9113755708600815,4.008751117683091,253.63302534474286,64329.71154552698,224.8509521484375,0.2788478456974156
timesnet,T278,quarterly,from_scratch,9.876630860553462,10.07694960502444,791.5805652895767,626599.7913441658,605.944580078125,2.13414443297956
timesnet,T304,quarterly,from_scratch,1.2207108999174896,1.230536427895885,90.64925001980758,8217.286529153585,74.51422119140625,0.5571156724591122
timesnet,T317,quarterly,from_scratch,1.7637099915478096,1.7376218851375174,131.42673036762943,17272.98545512557,100.38616943359375,0.7071938670911854
timesnet,T321,quarterly,from_scratch,1.942886114407878,1.9161094637345677,120.10773660488441,14425.86839234829,99.849365234375,2.671554922658863
timesnet,T336,quarterly,from_scratch,12.215328844438996,13.2787482687969,682.455120137183,465744.991001457,610.3218383789062,2.6763610672563036
timesnet,T374,quarterly,from_scratch,7.8223749170418495,8.200982082707354,535.9636056844813,287256.9866183102,494.72906494140625,1.8201952352516786
timesnet,T382,quarterly,from_scratch,9.400773927066991,9.937905569293651,1043.694829228971,1089298.896559291,966.4787353515626,1.5687361541202551
timesnet,T389,quarterly,from_scratch,2.448850799706835,2.487194129987713,151.54752765862665,22966.653139442205,134.51849365234375,0.5302527465970682
timesnet,T412,quarterly,from_scratch,13.218111106913677,14.320022480702082,1070.127310809094,1145172.4613395035,997.1176147460938,1.350010309702266
timesnet,T478,quarterly,from_scratch,7.145827229872573,6.764624236040986,433.9857460942764,188343.62781300576,328.9309020996095,0.5020312913608203
timesnet,T485,quarterly,from_scratch,27.299429947635385,22.981655910536354,1210.1705248683184,1464512.6992600614,1027.608740234375,2.418642738330254
timesnet,T512,quarterly,from_scratch,2.469411424717262,2.5109955606430896,178.77686345673953,31961.166907429695,138.5296630859375,0.45382363009316135
timesnet,T532,quarterly,from_scratch,10.25316425156504,11.092194249460801,547.159450562421,299383.4643397704,405.0440979003906,1.4895890820731497
timesnet,T544,quarterly,from_scratch,5.0831170066615305,5.231346638267318,288.9707475629079,83504.09294706583,232.6336669921875,2.011242077742255
timesnet,T564,quarterly,from_scratch,15.671640049671115,17.32896737357537,614.8657982018254,378059.9497983679,558.5559997558594,1.4581328105879834
timesnet,T584,quarterly,from_scratch,11.956660488595196,13.198728655413031,1441.2962825496134,2077334.9740913347,1152.0309912109376,2.431862432928342
timesnet,T587,quarterly,from_scratch,2.016416652769082,1.9893542375339495,155.28022451113955,24111.948124229908,132.43408203125,0.36556906774936043
timesnet,T621,quarterly,from_scratch,1.275282997188554,1.2652666890049353,83.46877736972715,6967.036795597074,74.73837890624998,0.8686074990521707
timesnet,T626,quarterly,from_scratch,6.391518517994562,6.694836026959876,173.4132954315686,30072.17103243649,146.51253662109377,0.1796070963801917
timesnet,T629,quarterly,from_scratch,43.46002061401789,62.63849222347881,2178.7476001130003,4746941.104998158,1847.7360534667969,1.68980213875738
timesnet,T696,quarterly,from_scratch,21.50726823231847,24.825140748603395,547.9479448783758,300246.9502964355,506.64638183593746,1.4495377972247045
timesnet,T721,quarterly,from_scratch,0.8990886523136803,0.8930107746131667,55.407518489201045,3069.9931051311555,44.602363281250064,0.7698260579534514
timesnet,T740,quarterly,from_scratch,4.413327398361238,4.6358722425731,495.1403473694657,245163.96359315515,324.42498779296875,0.3570013620830468
timesnet,T756,quarterly,from_scratch,20.95434225644098,20.4841511028092,813.7875844414486,662250.2325910479,632.8463745117188,0.39552898406982423
autoformer,T63,quarterly,from_scratch,15.682067937346316,14.329022175202613,1089.6528368087331,1187343.3047653197,969.2361083984374,3.3344600520873797
autoformer,T65,quarterly,from_scratch,44.32695599964763,35.183817011463084,3749.4518827073052,14058389.420737356,3510.2131958007812,3.7128636914775566
autoformer,T70,quarterly,from_scratch,29.55072300970949,24.747577026500895,1866.7709504924505,3484833.781602487,1587.943603515625,2.559341773737811
autoformer,T96,quarterly,from_scratch,9.280411447415618,8.768442449727006,582.2019749282206,338959.13961032033,518.4446411132812,1.6724020681073588
autoformer,T137,quarterly,from_scratch,9.537456677111814,10.260545115227785,959.70035033991,921024.762442546,794.0223876953124,1.3428560469230604
autoformer,T149,quarterly,from_scratch,13.709324429489719,12.774404496820724,833.8632370176737,695327.898049593,714.9810791015625,0.8866804063621113
autoformer,T278,quarterly,from_scratch,24.362878029945072,21.402480687478025,1557.3496197436789,2425337.8381157815,1445.0371704101562,5.089439090752752
autoformer,T304,quarterly,from_scratch,8.204889236350915,7.869539152234065,483.3265068070088,233604.51218226552,475.09771728515625,3.5521324656834112
autoformer,T317,quarterly,from_scratch,1.2807506619327664,1.2846427463500505,84.50336230377197,7140.818240642548,73.70947265625,0.5192636326611483
autoformer,T321,quarterly,from_scratch,0.8408762692964888,0.8368539804012062,51.87543239384574,2691.06048604846,43.58636474609375,1.1661903610994984
autoformer,T336,quarterly,from_scratch,11.294941568247072,12.221089480441897,631.4304395905307,398704.4000414908,559.7774047851562,2.4547154604136217
autoformer,T374,quarterly,from_scratch,11.328798883692578,10.50361167635974,753.8134134864246,568234.6623520553,641.9193725585938,2.361734262540816
autoformer,T382,quarterly,from_scratch,4.454812839712297,4.368394498507576,464.3267774044893,215599.35621483816,421.1465332031253,0.683582337254246
autoformer,T389,quarterly,from_scratch,3.9344574231822733,3.8532884498742828,239.65207431032735,57433.116721242666,206.58221435546875,0.8143176717633653
autoformer,T412,quarterly,from_scratch,11.562728287483965,12.238815897423795,951.8681052654557,906052.8898216486,859.6932373046875,1.163949684950836
autoformer,T478,quarterly,from_scratch,18.17748292541462,16.171210253569388,911.0125258291853,829943.8222176719,787.4853515625,1.201900719722985
autoformer,T485,quarterly,from_scratch,11.803972048372769,10.776089508873769,655.9541473821382,430275.84346782794,483.45123291015614,1.1378803702547982
autoformer,T512,quarterly,from_scratch,17.00764354366639,15.622970511804551,858.6313671231616,737247.8246077895,845.286376953125,2.7691609400593777
autoformer,T532,quarterly,from_scratch,15.885363344572824,14.325777019196373,652.6163481369131,425908.0978555605,547.5356750488281,2.0136157219080406
autoformer,T544,quarterly,from_scratch,7.51186543458042,7.150235984320758,391.70391457436557,153431.95669288188,334.1377868652344,2.8887993100740723
autoformer,T564,quarterly,from_scratch,38.652795227794925,49.8894234919632,1755.9193696786945,3083252.8328128234,1617.5560607910156,4.222694888669644
autoformer,T584,quarterly,from_scratch,22.634079000762654,20.093829921067293,1906.3681200996766,3634239.409332375,1802.59046875,3.8051511429393186
autoformer,T587,quarterly,from_scratch,2.058663770945574,2.053661659944854,144.84232611414117,20979.299434155226,133.96002197265625,0.36978124963838327
autoformer,T621,quarterly,from_scratch,4.394965598525605,4.287543874274257,270.01068438870567,72905.76968405722,252.81967773437498,2.938263730117742
autoformer,T626,quarterly,from_scratch,21.93860979931399,22.62900856427085,614.9157385382704,378121.36550206644,500.24761352539065,0.6132445960496741
autoformer,T629,quarterly,from_scratch,39.028749466445824,59.81918970639932,2004.2761386595516,4017122.8400000427,1623.241650390625,1.484496233866136
autoformer,T696,quarterly,from_scratch,36.2785363522094,46.829151821312706,1045.5124225822842,1093096.225773877,955.1585278320313,2.7327509641278294
autoformer,T721,quarterly,from_scratch,2.0572232441881617,2.0860202158798447,119.83839393933066,14361.240661958203,103.54496093750004,1.7871611106528276
autoformer,T740,quarterly,from_scratch,12.910180856408171,12.788295771796015,1185.9012039834975,1406361.6656095088,926.2803344726562,1.0192906018956327
autoformer,T756,quarterly,from_scratch,16.9413024770089,19.697477081510478,645.2832060591134,416390.4160219282,504.01806640625,0.3150112915039063
fedformer,T63,quarterly,from_scratch,14.2217437489768,12.92919481054593,1070.7252601116584,1146452.5826411783,888.0958374023437,3.0553134232034336
fedformer,T65,quarterly,from_scratch,33.20037813372455,28.38030481089384,2859.6360001801995,8177518.05352661,2840.3244018554688,3.004301093814642
fedformer,T70,quarterly,from_scratch,17.950667658980073,18.264963321098058,1427.4910761314065,2037730.7724348009,1171.1226196289062,1.8875374641452272
fedformer,T96,quarterly,from_scratch,10.819644986117531,10.165378689181475,636.1681539556463,404709.92010733485,579.7973022460938,1.8703138782132056
fedformer,T137,quarterly,from_scratch,9.789310458041761,10.55913883544919,989.8110443474927,979725.9035122741,816.2935668945312,1.380521216222108
fedformer,T149,quarterly,from_scratch,13.457348908685676,14.127400251275265,964.3171845486943,929907.6324159205,804.8153686523438,0.9980879760060954
fedformer,T278,quarterly,from_scratch,23.045010754594895,20.397547291224637,1473.106108398418,2170041.6066007316,1370.1311645507812,4.825619195902123
fedformer,T304,quarterly,from_scratch,9.684441458164466,9.214896486450446,569.985999687932,324884.0398402512,556.4393920898438,4.160294520297898
fedformer,T317,quarterly,from_scratch,1.9781617454770688,1.9587395197463906,127.05774725850368,16143.6711384058,112.231689453125,0.7906424054464601
fedformer,T321,quarterly,from_scratch,1.0677615136608687,1.0622064568310774,66.9344033191478,4480.214347690344,55.27862548828125,1.479026768917224
fedformer,T336,quarterly,from_scratch,13.585932006948065,14.87701259643571,758.2428078772356,574932.1556975543,685.1995239257812,3.0047119631315096
fedformer,T374,quarterly,from_scratch,11.03260094705313,10.311234986729218,710.5461911445334,504875.8897500038,629.9422607421875,2.317668361818203
fedformer,T382,quarterly,from_scratch,19.087046027078852,17.231337277193226,1745.1770789138702,3045643.0367663484,1657.0672241210937,2.689662140720423
fedformer,T389,quarterly,from_scratch,4.101500480764485,4.000235978675091,244.48012284691367,59770.530467242,214.36517333984375,0.8449969877894802
fedformer,T412,quarterly,from_scratch,8.911985800267702,8.216249025265821,827.7778401494501,685216.1526424885,593.4775390625,0.8035168414060384
fedformer,T478,quarterly,from_scratch,13.722327257087711,12.513030852116886,706.6922129454374,499413.8838377195,603.4590698242187,0.9210303263495399
fedformer,T485,quarterly,from_scratch,19.53552068508449,17.443532992825585,886.1814875496763,785317.6288757571,765.7886413574219,1.802406951202537
fedformer,T512,quarterly,from_scratch,20.52034471960682,18.577613136575287,1017.6221034398219,1035554.7454092875,1009.1023864746094,3.3058227239135443
fedformer,T532,quarterly,from_scratch,16.940642320279203,15.17414681976935,727.1340706520767,528723.9567030594,603.3404235839844,2.2188431146208436
fedformer,T544,quarterly,from_scratch,8.254595615891304,7.857080838718378,408.09537737396874,166541.83703400195,365.9486083984375,3.1638208218885087
fedformer,T564,quarterly,from_scratch,20.37250736193513,23.349352745436363,876.5734837722122,768381.0724525526,777.1688537597656,2.028830422606665
fedformer,T584,quarterly,from_scratch,16.397824007349882,14.914275547612945,1588.772797660528,2524199.0025860616,1340.7097216796876,2.8301509512235508
fedformer,T587,quarterly,from_scratch,10.151800690746768,9.408701362099862,754.4707863215767,569226.1674126983,614.4844970703125,1.6962138544322907
fedformer,T621,quarterly,from_scratch,3.7452069776325274,3.6735165795654376,220.28723886605133,48526.46760722875,216.02573242187498,2.5106454530576765
fedformer,T626,quarterly,from_scratch,10.835563471903944,11.39925560876171,304.4190644180225,92670.96678114415,255.2552490234375,0.3129128412503498
fedformer,T629,quarterly,from_scratch,35.280127315158275,47.45621048666226,1815.6361375280587,3296534.583897808,1447.8981323242188,1.3241400773198944
fedformer,T696,quarterly,from_scratch,25.344675011577895,29.610171293310362,647.1627770740278,418819.6600301678,620.8895458984375,1.7763925628366724
fedformer,T721,quarterly,from_scratch,1.9607460311653928,1.9916769198924849,124.20418853725666,15426.680450198397,98.72914794921871,1.704041337262521
fedformer,T740,quarterly,from_scratch,31.759499834495976,26.23560858266026,2248.305456189708,5054877.42433241,1960.2858276367188,2.157123331649759
fedformer,T756,quarterly,from_scratch,16.87856654068615,19.535346630819987,634.3055694797968,402343.5554730892,503.7279052734375,0.31482994079589843
patchtst,T63,quarterly,from_scratch,14.29614731667157,14.932924915541173,1059.605220546182,1122763.2234087228,959.0254638671875,3.2993324025905233
patchtst,T65,quarterly,from_scratch,20.53316135366792,18.267069091816108,2010.423812729038,4041803.9067879617,1838.6344604492188,1.9447819118986551
patchtst,T70,quarterly,from_scratch,27.208051131718292,22.946580552670348,1879.582016158698,3532828.555467196,1541.1342468261719,2.4838975692258387
patchtst,T96,quarterly,from_scratch,7.288591774397002,6.989287524157736,443.87411346906975,197024.2286079526,406.2076416015625,1.3103472309727822
patchtst,T137,quarterly,from_scratch,9.98391962836239,10.749601762103914,983.7979701634926,967858.4460978081,828.5737548828125,1.4012895534289216
patchtst,T149,quarterly,from_scratch,25.3004129414522,21.708710426922483,1411.369503405276,1991963.875142455,1242.0223388671875,1.5402881339481465
patchtst,T278,quarterly,from_scratch,16.70062362765669,15.466531909444676,1072.6551942948622,1150589.1658477485,1021.0609741210938,3.5961895943887576
patchtst,T304,quarterly,from_scratch,4.84585820522402,4.710678068050289,308.7446592056747,95323.26458802819,284.46710205078125,2.1268568377628503
patchtst,T317,quarterly,from_scratch,1.6713014967594544,1.6496962955057746,120.07654038204578,14418.375550121069,94.63507080078125,0.6666789066627774
patchtst,T321,quarterly,from_scratch,0.9834578560369577,0.980963621910971,56.0551323254311,3142.177860021591,50.9437255859375,1.363042825041806
patchtst,T336,quarterly,from_scratch,13.109914279306356,14.298240642169684,726.8545466833431,528317.5320342481,659.6134643554688,2.8925129078259184
patchtst,T374,quarterly,from_scratch,4.687383603965157,4.8231358402107745,320.8374734533334,102936.68437191844,292.22650146484375,1.0751526911877989
patchtst,T382,quarterly,from_scratch,5.9473214761682,5.738397738554908,613.7002463797094,376627.992406516,555.7436767578124,0.9020531608867449
patchtst,T389,quarterly,from_scratch,4.760452280837553,4.621573870881343,277.6734940252682,77102.56928420067,247.700927734375,0.976401784614437
patchtst,T412,quarterly,from_scratch,15.887710467528176,17.396363722558796,1313.0254892495966,1724035.9354191422,1223.7056884765625,1.656790804869432
patchtst,T478,quarterly,from_scratch,11.880564782896382,10.812103087865584,677.433487157406,458916.1295222434,528.573175048828,0.8067356151538887
patchtst,T485,quarterly,from_scratch,17.743921295800586,17.473874287929466,885.8914056971942,784803.5826881506,752.5170471191406,1.7711701158451774
patchtst,T512,quarterly,from_scratch,24.392546150547002,21.65599236582691,1208.5398720324665,1460568.6222922504,1184.1908569335938,3.87941312672758
patchtst,T532,quarterly,from_scratch,17.41801404266605,15.76031685807836,631.8661363429725,399254.8142569959,590.369873046875,2.1711426529459086
patchtst,T544,quarterly,from_scratch,10.660473784259416,9.99037467474648,531.1249515671768,282093.71417723596,468.4698486328125,4.050171602012788
patchtst,T564,quarterly,from_scratch,30.079730939226675,36.36570862388137,1262.6621551317526,1594315.7180019617,1176.53515625,3.071392152063958
patchtst,T584,quarterly,from_scratch,9.133831619279492,8.579541541936644,924.4868226898238,854675.8853271258,775.3923803710939,1.6368028421017393
patchtst,T587,quarterly,from_scratch,9.20826937636314,8.72670778840274,634.9646518551231,403180.1091054976,576.0059204101562,1.5899981644661958
patchtst,T621,quarterly,from_scratch,2.042254069506338,2.0190416410690957,126.40342353751215,15977.825482003682,119.03330078124998,1.383401930957324
patchtst,T626,quarterly,from_scratch,5.056892720544529,5.168224127834017,127.86640401792026,16349.817276474016,113.30787048339846,0.13890209045507754
patchtst,T629,quarterly,from_scratch,69.85615022008231,132.52879211193743,4214.221187039367,17759660.213291485,3910.653784179687,3.5763934551408725
patchtst,T696,quarterly,from_scratch,32.907732126915846,40.923942805876564,898.1990145332603,806761.4697085199,842.1537976074219,2.4094394127215555
patchtst,T721,quarterly,from_scratch,1.3170445712419119,1.30603258367697,73.86118689526235,5455.474929576874,65.16193847656245,1.1246793787517773
patchtst,T740,quarterly,from_scratch,10.043275880910665,10.612914717780017,886.0340094753107,785056.2659468949,761.5385131835938,0.8380066169833219
patchtst,T756,quarterly,from_scratch,29.074386560442345,37.681407612461385,942.8197950784568,888909.1659917831,765.110595703125,0.47819412231445313
helformer,T63,quarterly,from_scratch,35.097237796319845,43.95678544074505,2969.3833254433416,8817237.333420958,2799.2892841376665,9.630386457245175
helformer,T65,quarterly,from_scratch,68.53486510713242,106.54018015187363,11151.966868122652,124366365.02770534,10761.001234466106,11.38225188578031
helformer,T70,quarterly,from_scratch,56.358760233464686,78.6056765170661,4966.616628124629,24667280.730764054,4943.40726902894,7.967454700667161
helformer,T96,quarterly,from_scratch,16.79816906904342,18.42760010467122,1061.4355995916042,1126645.5320803884,1036.851141272095,3.3446811008777257
helformer,T137,quarterly,from_scratch,23.990056000390116,21.300924991521786,1751.5544714797545,3067943.0665607224,1696.0313514791333,2.868339723663802
helformer,T149,quarterly,from_scratch,9.095008595823366,9.57004995973266,563.4506229340308,317476.60448474734,540.0763069022719,0.6697730796910095
helformer,T278,quarterly,from_scratch,4.924919856815328,5.540345113327101,549.6816541378759,302149.92089575133,280.5346325688795,0.9880465046451101
helformer,T304,quarterly,from_scratch,2.045087465695001,2.069752248501743,134.87490007617924,18191.238670559338,124.9389356222207,0.9341228831567903
helformer,T317,quarterly,from_scratch,1.6631145945519898,1.6791974839104238,102.65121326614951,10537.27158501251,95.53158084739789,0.6729945815244657
helformer,T321,quarterly,from_scratch,3.881149022603049,3.801282793378554,205.7823639315613,42346.38130526154,197.3937255416787,5.281437472687055
helformer,T336,quarterly,from_scratch,7.634472733439327,7.311544440678766,402.5712361160591,162063.6001480118,359.20648202623534,1.5751791647413937
helformer,T374,quarterly,from_scratch,25.284374711814806,29.04575901057096,1779.622967022081,3167057.9047524743,1758.0431776830592,6.468150028267326
helformer,T382,quarterly,from_scratch,10.25900783860455,10.849872518178998,1089.6464148706768,1187329.3094405192,1052.73597111214,1.7087442467379068
helformer,T389,quarterly,from_scratch,6.558885276896671,6.799787335119427,383.0778317245858,146748.62515881006,367.1128395906775,1.4471065369428036
helformer,T412,quarterly,from_scratch,18.3802150901203,20.37109711843806,1471.0822613065382,2164083.019530758,1430.520313827305,1.93679977501666
helformer,T478,quarterly,from_scratch,34.46670607859678,29.312597527561252,1451.2534368083525,2106136.5378480544,1431.7710845203596,2.1852428029920015
helformer,T485,quarterly,from_scratch,20.63012545710854,18.047731692889876,982.4265617502704,965161.9492324579,805.5095852574063,1.8958965925045457
helformer,T512,quarterly,from_scratch,7.968324679661623,8.33223215086851,480.3809458903032,230765.85317446242,455.2513685933196,1.49140497491669
helformer,T532,quarterly,from_scratch,15.840082951452656,17.934014288154383,819.640417108498,671810.4133577925,673.3202696853564,2.476200807914274
helformer,T544,quarterly,from_scratch,2.848053427826348,2.89814054959973,148.25639425492187,21979.95843747083,133.74135514084674,1.1562653182205769
helformer,T564,quarterly,from_scratch,43.12048447108357,35.16055943113038,1171.3899569300165,1372154.4311965061,1148.182935761285,2.997377544816538
helformer,T584,quarterly,from_scratch,15.015275099424635,16.6736655588512,1678.6999499489639,2818033.521958654,1462.3390961834357,3.086902643541591
helformer,T587,quarterly,from_scratch,7.141424657306306,7.4120958594884625,488.4288128730352,238562.70524456247,482.9886332819407,1.333234630348049
helformer,T621,quarterly,from_scratch,0.8320120226372175,0.8360339393429345,52.93559216813472,2802.176918191086,49.22849304156148,0.5721322679018142
helformer,T626,quarterly,from_scratch,116.61990871378711,73.64240845279181,1637.5921807564846,2681708.150474779,1635.6815637564328,2.005152753778806
helformer,T629,quarterly,from_scratch,87.16714755463151,57.41022737118254,3056.3238286742753,9341115.34572218,2587.8670922165666,2.3666710074973256
helformer,T696,quarterly,from_scratch,15.058797381133978,15.49621802950768,356.37822159577513,127005.4368277674,329.5609395235238,0.9428884828845486
helformer,T721,quarterly,from_scratch,1.9815755898756553,2.0202639600641588,138.85635828731472,19281.088236815118,99.94846858634651,1.7250865180647672
helformer,T740,quarterly,from_scratch,5.426404464065085,5.641433715592845,472.8359024179413,223573.79061538895,403.0707747635379,0.44354418130788215
helformer,T756,quarterly,from_scratch,200.0,162.31578573546042,4769.829287170102,22751271.428745646,4558.703815743701,2.849189884839813
